z_daughter,a_daughter,element_daughter,z_parent,z_parent,element_parent,daughter_level_idx,cumulative_thermal_fy,unc_ct,cumulative_fast_fy,unc_cf,cumulative_14mev_fy,unc_c14,Extraction_date
49,128,In,94,239,Pu,-3,0.00080203,0.00020712,0.0010662,0.00041635,,,2024-08-21
27,68,Co,94,239,Pu,-2,0.0000000046442,0.0000000013955,0.000000021551,0.0000000054297,,,2024-08-21
30,73,Zn,94,239,Pu,-2,0.00000086671,0.00000016752,0.0000016988,0.00000038344,,,2024-08-21
31,72,Ga,94,239,Pu,-2,0.000000038934,0.0000000084975,0.00000011537,0.000000024696,,,2024-08-21
33,84,As,94,239,Pu,-2,0.00032586,0.00010819,0.00074099,0.0001543,,,2024-08-21
37,90,Rb,94,239,Pu,-2,0.0071023,0.00099308,0.006633,0.0010035,,,2024-08-21
37,96,Rb,94,239,Pu,-2,0.00024308,0.000085016,0.00032182,0.0001133,,,2024-08-21
39,88,Y,94,239,Pu,-2,0.00000000056198,0.00000000020197,0.000000000049435,0.000000000017603,,,2024-08-21
39,90,Y,94,239,Pu,-2,0.00000088729,0.00000032729,0.00000019096,0.000000070349,,,2024-08-21
39,102,Y,94,239,Pu,-2,0.000065541,0.000024583,0.000085271,0.000033625,,,2024-08-21
40,90,Zr,94,239,Pu,-2,0.00000000037159,0.00000000013135,0.000000000022023,0.0000000000069701,,,2024-08-21
44,113,Ru,94,239,Pu,-2,0.00009961,0.00002638,0.00013353,0.000042189,,,2024-08-21
45,108,Rh,94,239,Pu,-2,0.00073645,0.00026492,0.00036922,0.00025153,,,2024-08-21
45,112,Rh,94,239,Pu,-2,0.00024892,0.000052842,0.00028786,0.000070705,,,2024-08-21
46,117,Pd,94,239,Pu,-2,0.00011926,0.000022372,0.00013644,0.000042588,,,2024-08-21
47,114,Ag,94,239,Pu,-2,0.0000092553,0.0000032876,0.000018834,0.0000074442,,,2024-08-21
49,128,In,94,239,Pu,-2,0.00028848,0.000072137,0.00030159,0.00011801,,,2024-08-21
50,128,Sn,94,239,Pu,-2,0.0045099,0.00042399,0.0055475,0.001931,,,2024-08-21
61,148,Pm,94,239,Pu,-2,0.0000001179,0.00000004393,0.00000028735,0.00000010895,,,2024-08-21
1,1,H,94,239,Pu,0,0.0000408,0.00000408,0.000034642,0.0000057156,,,2024-08-21
1,2,H,94,239,Pu,0,0.00001347,0.0000019127,0.000010587,0.0000015775,,,2024-08-21
1,3,H,94,239,Pu,0,0.000142,0.000006958,0.000142,0.000006958,,,2024-08-21
2,3,He,94,239,Pu,0,0.000142,0.000006958,0.000142,0.000006958,,,2024-08-21
2,4,He,94,239,Pu,0,0.0021919,0.00008979,0.00219,0.00008979,,,2024-08-21
2,6,He,94,239,Pu,0,0.00004098,0.0000027866,,,,,2024-08-21
2,8,He,94,239,Pu,0,0.000000687,0.0000000687,,,,,2024-08-21
3,6,Li,94,239,Pu,0,0.00004098,0.0000027866,,,,,2024-08-21
3,7,Li,94,239,Pu,0,0.000001505,0.00000014,,,,,2024-08-21
3,8,Li,94,239,Pu,0,0.00000060456,0.000000061561,,,,,2024-08-21
3,9,Li,94,239,Pu,0,0.00000114,0.000000114,,,,,2024-08-21
4,6,Be,94,239,Pu,0,0.000000687,0.00000012577,,,,,2024-08-21
4,8,Be,94,239,Pu,0,0.00000057177,0.000000059473,,,,,2024-08-21
4,9,Be,94,239,Pu,0,0.0000017157,0.000000114,,,,,2024-08-21
4,10,Be,94,239,Pu,0,0.0000105,0.00000105,,,,,2024-08-21
4,11,Be,94,239,Pu,0,0.000000752,0.0000000752,,,,,2024-08-21
4,12,Be,94,239,Pu,0,0.000000473,0.00000010737,,,,,2024-08-21
5,11,B,94,239,Pu,0,0.00000072944,0.000000073178,,,,,2024-08-21
5,12,B,94,239,Pu,0,0.000000473,0.00000010737,,,,,2024-08-21
6,8,C,94,239,Pu,0,0.000000687,0.0000000687,,,,,2024-08-21
6,12,C,94,239,Pu,0,0.00000046553,0.0000001057,,,,,2024-08-21
6,14,C,94,239,Pu,0,0.00000301,0.000000301,,,,,2024-08-21
24,59,Cr,94,239,Pu,0,0.0000000000010897,0.0000000000001913,0.0000000000047235,0.00000000000079224,,,2024-08-21
24,60,Cr,94,239,Pu,0,0.0000000000026138,0.00000000000057713,0.000000000012852,0.0000000000024406,,,2024-08-21
24,61,Cr,94,239,Pu,0,0.0000000000033751,0.0000000000011117,0.000000000018454,0.0000000000055036,,,2024-08-21
24,62,Cr,94,239,Pu,0,0.0000000000033819,0.0000000000013164,0.000000000021901,0.0000000000080283,,,2024-08-21
24,63,Cr,94,239,Pu,0,0.0000000000018474,0.00000000000077144,0.000000000012533,0.0000000000051202,,,2024-08-21
25,59,Mn,94,239,Pu,0,0.0000000000010897,0.0000000000001913,0.0000000000064855,0.00000000000098453,,,2024-08-21
25,60,Mn,94,239,Pu,0,0.0000000000032355,0.00000000000060303,0.000000000014846,0.000000000002556,,,2024-08-21
25,61,Mn,94,239,Pu,0,0.00000000001552,0.0000000000024515,0.00000000006874,0.000000000010423,,,2024-08-21
25,62,Mn,94,239,Pu,0,0.000000000023938,0.0000000000054805,0.00000000012512,0.000000000022861,,,2024-08-21
25,63,Mn,94,239,Pu,0,0.000000000049763,0.000000000014465,0.00000000029336,0.000000000065628,,,2024-08-21
25,64,Mn,94,239,Pu,0,0.000000000047127,0.000000000018024,0.00000000030748,0.00000000010525,,,2024-08-21
25,65,Mn,94,239,Pu,0,0.000000000040427,0.000000000016296,0.00000000028402,0.00000000011066,,,2024-08-21
25,66,Mn,94,239,Pu,0,0.000000000017878,0.0000000000073372,0.0000000001287,0.000000000053056,,,2024-08-21
25,67,Mn,94,239,Pu,0,0.000000000005828,0.0000000000024224,0.000000000043653,0.000000000018363,,,2024-08-21
26,59,Fe,94,239,Pu,0,0.0000000000010897,0.0000000000001913,0.0000000000064855,0.00000000000098453,,,2024-08-21
26,60,Fe,94,239,Pu,0,0.0000000000056532,0.00000000000085492,0.000000000023118,0.0000000000034767,,,2024-08-21
26,61,Fe,94,239,Pu,0,0.000000000020974,0.0000000000031462,0.00000000007834,0.000000000011751,,,2024-08-21
26,62,Fe,94,239,Pu,0,0.000000000065702,0.0000000000098602,0.00000000024152,0.00000000003623,,,2024-08-21
26,63,Fe,94,239,Pu,0,0.00000000018532,0.000000000028028,0.00000000069035,0.00000000010379,,,2024-08-21
26,64,Fe,94,239,Pu,0,0.00000000046419,0.000000000072845,0.0000000017774,0.000000000271,,,2024-08-21
26,65,Fe,94,239,Pu,0,0.00000000082361,0.00000000016848,0.0000000033866,0.00000000060569,,,2024-08-21
26,66,Fe,94,239,Pu,0,0.0000000011935,0.00000000034168,0.000000005489,0.0000000013574,,,2024-08-21
26,67,Fe,94,239,Pu,0,0.00000000091527,0.00000000034395,0.0000000046037,0.0000000016525,,,2024-08-21
26,68,Fe,94,239,Pu,0,0.00000000054362,0.00000000022615,0.0000000031534,0.0000000012678,,,2024-08-21
26,69,Fe,94,239,Pu,0,0.00000000018655,0.000000000078658,0.0000000010915,0.00000000045729,,,2024-08-21
26,70,Fe,94,239,Pu,0,0.000000000048849,0.000000000020413,0.00000000028128,0.0000000001187,,,2024-08-21
26,71,Fe,94,239,Pu,0,0.0000000000068056,0.0000000000028301,0.000000000036491,0.000000000015303,,,2024-08-21
27,59,Co,94,239,Pu,0,0.0000000000010897,0.0000000000001913,0.0000000000064855,0.00000000000098453,,,2024-08-21
27,61,Co,94,239,Pu,0,0.000000000020974,0.0000000000031462,0.00000000007834,0.000000000011751,,,2024-08-21
27,62,Co,94,239,Pu,0,0.000000000066294,0.0000000000099464,0.00000000024218,0.000000000036328,,,2024-08-21
27,63,Co,94,239,Pu,0,0.00000000020871,0.000000000031307,0.00000000073142,0.00000000010971,,,2024-08-21
27,64,Co,94,239,Pu,0,0.00000000061459,0.000000000092201,0.000000002118,0.0000000003177,,,2024-08-21
27,65,Co,94,239,Pu,0,0.0000000016853,0.00000000025354,0.0000000058541,0.00000000087838,,,2024-08-21
27,66,Co,94,239,Pu,0,0.0000000038702,0.00000000060335,0.000000014584,0.0000000022049,,,2024-08-21
27,67,Co,94,239,Pu,0,0.000000007477,0.0000000013498,0.000000031606,0.0000000049846,,,2024-08-21
27,68,Co,94,239,Pu,0,0.0000000069555,0.0000000017226,0.000000035321,0.0000000073906,,,2024-08-21
27,69,Co,94,239,Pu,0,0.000000010481,0.0000000036935,0.000000058642,0.000000017806,,,2024-08-21
27,70,Co,94,239,Pu,0,0.0000000032406,0.0000000013159,0.000000018939,0.0000000075675,,,2024-08-21
27,71,Co,94,239,Pu,0,0.0000000033161,0.000000001364,0.000000020762,0.000000008531,,,2024-08-21
27,72,Co,94,239,Pu,0,0.00000000085666,0.00000000035413,0.0000000055821,0.0000000023215,,,2024-08-21
27,73,Co,94,239,Pu,0,0.00000000019365,0.000000000081196,0.0000000010945,0.00000000045746,,,2024-08-21
27,74,Co,94,239,Pu,0,0.000000000021907,0.0000000000093821,0.00000000010207,0.000000000043401,,,2024-08-21
27,75,Co,94,239,Pu,0,0.0000000000020848,0.00000000000087343,0.0000000000077303,0.0000000000032453,,,2024-08-21
28,61,Ni,94,239,Pu,0,0.000000000020974,0.0000000000031462,0.00000000007834,0.000000000011751,,,2024-08-21
28,62,Ni,94,239,Pu,0,0.000000000067635,0.000000000010145,0.00000000024392,0.000000000036588,,,2024-08-21
28,63,Ni,94,239,Pu,0,0.00000000020871,0.000000000031307,0.00000000073142,0.00000000010971,,,2024-08-21
28,64,Ni,94,239,Pu,0,0.00000000062359,0.000000000093538,0.0000000021251,0.00000000031875,,,2024-08-21
28,65,Ni,94,239,Pu,0,0.0000000018001,0.00000000027002,0.0000000059796,0.00000000089694,,,2024-08-21
28,66,Ni,94,239,Pu,0,0.0000000050024,0.00000000075036,0.000000016292,0.0000000024438,,,2024-08-21
28,67,Ni,94,239,Pu,0,0.000000013226,0.0000000019845,0.000000042765,0.0000000064149,,,2024-08-21
28,68,Ni,94,239,Pu,0,0.000000032688,0.0000000049154,0.00000010701,0.000000016058,,,2024-08-21
28,69,Ni,94,239,Pu,0,0.000000039131,0.0000000069896,0.00000014509,0.000000024987,,,2024-08-21
28,70,Ni,94,239,Pu,0,0.00000012278,0.000000021786,0.00000044434,0.000000072217,,,2024-08-21
28,71,Ni,94,239,Pu,0,0.00000013737,0.000000037395,0.00000054301,0.00000013058,,,2024-08-21
28,72,Ni,94,239,Pu,0,0.00000012202,0.000000043036,0.00000056104,0.00000018312,,,2024-08-21
28,73,Ni,94,239,Pu,0,0.000000066671,0.000000027006,0.00000028335,0.000000112,,,2024-08-21
28,74,Ni,94,239,Pu,0,0.000000027803,0.000000011835,0.00000011235,0.000000047273,,,2024-08-21
28,75,Ni,94,239,Pu,0,0.0000000066928,0.0000000028016,0.000000023279,0.0000000097603,,,2024-08-21
28,76,Ni,94,239,Pu,0,0.0000000012064,0.00000000049943,0.0000000035807,0.0000000014923,,,2024-08-21
28,77,Ni,94,239,Pu,0,0.00000000010766,0.000000000042179,0.00000000026082,0.00000000010993,,,2024-08-21
28,78,Ni,94,239,Pu,0,0.000000000012117,0.0000000000046825,0.000000000013557,0.0000000000056392,,,2024-08-21
29,63,Cu,94,239,Pu,0,0.00000000020871,0.000000000031307,0.00000000073142,0.00000000010971,,,2024-08-21
29,65,Cu,94,239,Pu,0,0.0000000018001,0.00000000027002,0.0000000059796,0.00000000089694,,,2024-08-21
29,66,Cu,94,239,Pu,0,0.0000000050189,0.00000000075283,0.000000016303,0.000000002445,,,2024-08-21
29,67,Cu,94,239,Pu,0,0.000000013511,0.0000000020265,0.000000043059,0.0000000064589,,,2024-08-21
29,68,Cu,94,239,Pu,0,0.000000034938,0.0000000052408,0.00000011038,0.00000001653,,,2024-08-21
29,69,Cu,94,239,Pu,0,0.000000087472,0.000000013121,0.00000027198,0.000000040797,,,2024-08-21
29,70,Cu,94,239,Pu,0,0.000000043976,0.000000010443,0.00000011229,0.000000028713,,,2024-08-21
29,71,Cu,94,239,Pu,0,0.00000042499,0.000000064828,0.0000014238,0.00000021423,,,2024-08-21
29,72,Cu,94,239,Pu,0,0.00000067096,0.00000011669,0.0000025938,0.00000040614,,,2024-08-21
29,73,Cu,94,239,Pu,0,0.0000010498,0.00000024748,0.0000040226,0.00000074836,,,2024-08-21
29,74,Cu,94,239,Pu,0,0.00000096995,0.00000033368,0.0000036819,0.0000010934,,,2024-08-21
29,75,Cu,94,239,Pu,0,0.00000080878,0.00000031382,0.0000029998,0.000001099,,,2024-08-21
29,76,Cu,94,239,Pu,0,0.00000017784,0.00000007272,0.00000060309,0.00000024632,,,2024-08-21
29,77,Cu,94,239,Pu,0,0.0000001178,0.000000046006,0.00000037738,0.00000015831,,,2024-08-21
29,78,Cu,94,239,Pu,0,0.000000034445,0.000000013304,0.000000055421,0.00000002304,,,2024-08-21
29,79,Cu,94,239,Pu,0,0.0000000039119,0.0000000016998,0.000000005743,0.0000000024037,,,2024-08-21
29,80,Cu,94,239,Pu,0,0.00000000019563,0.000000000086328,0.00000000023444,0.000000000099355,,,2024-08-21
30,66,Zn,94,239,Pu,0,0.0000000050189,0.00000000075283,0.000000016303,0.000000002445,,,2024-08-21
30,67,Zn,94,239,Pu,0,0.000000013512,0.0000000020265,0.000000043059,0.0000000064589,,,2024-08-21
30,68,Zn,94,239,Pu,0,0.000000035262,0.000000005271,0.00000011084,0.00000001653,,,2024-08-21
30,69,Zn,94,239,Pu,0,0.000000088196,0.000000013229,0.00000027248,0.000000040872,,,2024-08-21
30,70,Zn,94,239,Pu,0,0.00000021438,0.000000032157,0.00000065594,0.000000098392,,,2024-08-21
30,71,Zn,94,239,Pu,0,0.00000043944,0.000000066614,0.0000014408,0.00000021658,,,2024-08-21
30,72,Zn,94,239,Pu,0,0.0000011259,0.0000001689,0.0000034267,0.00000051401,,,2024-08-21
30,73,Zn,94,239,Pu,0,0.000002082,0.00000032633,0.0000060096,0.00000092982,,,2024-08-21
30,74,Zn,94,239,Pu,0,0.0000059353,0.00000090278,0.000014472,0.0000021959,,,2024-08-21
30,75,Zn,94,239,Pu,0,0.0000097828,0.000001695,0.000022548,0.0000036967,,,2024-08-21
30,76,Zn,94,239,Pu,0,0.000013531,0.0000031277,0.000030522,0.0000062544,,,2024-08-21
30,77,Zn,94,239,Pu,0,0.0000096219,0.0000028627,0.000021591,0.0000066778,,,2024-08-21
30,78,Zn,94,239,Pu,0,0.000010914,0.000003964,0.000013929,0.0000053228,,,2024-08-21
30,79,Zn,94,239,Pu,0,0.0000031781,0.0000013696,0.0000039976,0.0000016517,,,2024-08-21
30,80,Zn,94,239,Pu,0,0.000000643,0.00000028343,0.00000077552,0.00000032816,,,2024-08-21
30,81,Zn,94,239,Pu,0,0.000000068396,0.000000029382,0.000000072683,0.000000030421,,,2024-08-21
30,82,Zn,94,239,Pu,0,0.0000000038718,0.0000000016613,0.0000000048077,0.0000000020311,,,2024-08-21
30,83,Zn,94,239,Pu,0,0.000000000093822,0.000000000034588,0.00000000011747,0.00000000004356,,,2024-08-21
31,69,Ga,94,239,Pu,0,0.000000088197,0.00000001323,0.00000027248,0.000000040872,,,2024-08-21
31,70,Ga,94,239,Pu,0,0.000000000037703,0.000000000015757,0.000000000014693,0.0000000000062041,,,2024-08-21
31,71,Ga,94,239,Pu,0,0.00000050296,0.000000075444,0.0000015262,0.0000002289,,,2024-08-21
31,72,Ga,94,239,Pu,0,0.0000011399,0.00000017099,0.00000344,0.000000516,,,2024-08-21
31,73,Ga,94,239,Pu,0,0.0000028923,0.00000043384,0.0000075121,0.0000011343,,,2024-08-21
31,74,Ga,94,239,Pu,0,0.0000053849,0.0000008273,0.000012177,0.0000018884,,,2024-08-21
31,75,Ga,94,239,Pu,0,0.000015755,0.0000023804,0.000032234,0.0000049322,,,2024-08-21
31,76,Ga,94,239,Pu,0,0.000031504,0.0000048125,0.000061362,0.0000095299,,,2024-08-21
31,77,Ga,94,239,Pu,0,0.000053454,0.0000066439,0.00010429,0.000016834,,,2024-08-21
31,78,Ga,94,239,Pu,0,0.00011302,0.000020516,0.00012903,0.000025053,,,2024-08-21
31,79,Ga,94,239,Pu,0,0.00010724,0.000034705,0.00013485,0.000036278,,,2024-08-21
31,80,Ga,94,239,Pu,0,0.000054181,0.000022036,0.000069902,0.000026129,,,2024-08-21
31,81,Ga,94,239,Pu,0,0.000022357,0.0000094231,0.000029543,0.000012011,,,2024-08-21
31,82,Ga,94,239,Pu,0,0.0000034112,0.0000014596,0.000005748,0.0000024193,,,2024-08-21
31,83,Ga,94,239,Pu,0,0.00000033765,0.00000012443,0.00000067587,0.00000025048,,,2024-08-21
31,84,Ga,94,239,Pu,0,0.000000022852,0.0000000089249,0.000000041944,0.000000014874,,,2024-08-21
31,85,Ga,94,239,Pu,0,0.0000000010135,0.00000000037611,0.0000000014577,0.00000000052736,,,2024-08-21
31,86,Ga,94,239,Pu,0,0.00000000002246,0.0000000000080684,0.000000000023877,0.0000000000085881,,,2024-08-21
32,70,Ge,94,239,Pu,0,0.000000000037548,0.000000000015693,0.000000000014633,0.0000000000061787,,,2024-08-21
32,71,Ge,94,239,Pu,0,0.0000000000010869,0.00000000000038739,,,,,2024-08-21
32,72,Ge,94,239,Pu,0,0.00000114,0.000000171,0.00000344,0.000000516,,,2024-08-21
32,73,Ge,94,239,Pu,0,0.0000028939,0.00000043409,0.0000075127,0.0000011343,,,2024-08-21
32,74,Ge,94,239,Pu,0,0.0000070382,0.0000010515,0.000016002,0.0000024009,,,2024-08-21
32,75,Ge,94,239,Pu,0,0.000016216,0.0000024486,0.000032522,0.0000049759,,,2024-08-21
32,76,Ge,94,239,Pu,0,0.00003601,0.0000054376,0.000064846,0.000010051,,,2024-08-21
32,77,Ge,94,239,Pu,0,0.000030463,0.0000050333,0.000038522,0.0000079025,,,2024-08-21
32,78,Ge,94,239,Pu,0,0.00028044,0.000026689,0.00023133,0.000038406,,,2024-08-21
32,79,Ge,94,239,Pu,0,0.00016782,0.000038482,0.00017372,0.000039067,,,2024-08-21
32,80,Ge,94,239,Pu,0,0.00068493,0.00012916,0.00058595,0.00011594,,,2024-08-21
32,81,Ge,94,239,Pu,0,0.00051299,0.0001389,0.00047596,0.0001272,,,2024-08-21
32,82,Ge,94,239,Pu,0,0.00034865,0.00012196,0.00046634,0.00015541,,,2024-08-21
32,83,Ge,94,239,Pu,0,0.000090181,0.00003163,0.00015144,0.000051185,,,2024-08-21
32,84,Ge,94,239,Pu,0,0.000024256,0.0000094156,0.000042997,0.000014935,,,2024-08-21
32,85,Ge,94,239,Pu,0,0.0000029469,0.0000010927,0.0000044509,0.0000016064,,,2024-08-21
32,86,Ge,94,239,Pu,0,0.00000026856,0.000000096468,0.00000035361,0.00000012716,,,2024-08-21
32,87,Ge,94,239,Pu,0,0.000000011256,0.0000000040853,0.000000012678,0.0000000045613,,,2024-08-21
32,88,Ge,94,239,Pu,0,0.00000000038505,0.00000000013839,0.00000000038213,0.00000000013606,,,2024-08-21
32,89,Ge,94,239,Pu,0,0.0000000000060116,0.0000000000021872,0.0000000000041471,0.0000000000014713,,,2024-08-21
33,74,As,94,239,Pu,0,0.000000000033046,0.000000000014152,0.0000000000057573,0.000000000002448,,,2024-08-21
33,75,As,94,239,Pu,0,0.000016217,0.0000024488,0.000032523,0.000004976,,,2024-08-21
33,76,As,94,239,Pu,0,0.000000036706,0.000000015175,0.000000012933,0.0000000053887,,,2024-08-21
33,77,As,94,239,Pu,0,0.000076848,0.0000086838,0.00012528,0.000019919,,,2024-08-21
33,78,As,94,239,Pu,0,0.00029128,0.000027664,0.00023525,0.000039027,,,2024-08-21
33,79,As,94,239,Pu,0,0.00054853,0.000091057,0.00042909,0.000076378,,,2024-08-21
33,80,As,94,239,Pu,0,0.00098264,0.00017495,0.00076326,0.00014807,,,2024-08-21
33,81,As,94,239,Pu,0,0.0015818,0.00027828,0.0012707,0.00027462,,,2024-08-21
33,82,As,94,239,Pu,0,0.00062958,0.00015182,0.00077038,0.00020854,,,2024-08-21
33,83,As,94,239,Pu,0,0.0010572,0.00016221,0.0020489,0.00022093,,,2024-08-21
33,84,As,94,239,Pu,0,0.00032586,0.00010819,0.00074099,0.0001543,,,2024-08-21
33,85,As,94,239,Pu,0,0.00030805,0.00010777,0.00063087,0.00017577,,,2024-08-21
33,86,As,94,239,Pu,0,0.00007657,0.000027263,0.0001348,0.000045936,,,2024-08-21
33,87,As,94,239,Pu,0,0.000012985,0.0000047077,0.00002231,0.0000079548,,,2024-08-21
33,88,As,94,239,Pu,0,0.0000012135,0.00000043601,0.000002005,0.00000071331,,,2024-08-21
33,89,As,94,239,Pu,0,0.000000079666,0.000000028983,0.00000010845,0.000000038472,,,2024-08-21
33,90,As,94,239,Pu,0,0.0000000026471,0.00000000097648,0.0000000028022,0.0000000010323,,,2024-08-21
33,91,As,94,239,Pu,0,0.000000000070349,0.000000000024998,0.000000000060374,0.000000000021473,,,2024-08-21
34,74,Se,94,239,Pu,0,0.000000000011236,0.0000000000048118,0.0000000000019575,0.00000000000083231,,,2024-08-21
34,76,Se,94,239,Pu,0,0.000000036741,0.000000015177,0.000000012936,0.0000000053888,,,2024-08-21
34,77,Se,94,239,Pu,0,0.000076849,0.000008684,0.00012528,0.00001992,,,2024-08-21
34,78,Se,94,239,Pu,0,0.00029137,0.000027664,0.00023526,0.000039027,,,2024-08-21
34,79,Se,94,239,Pu,0,0.00054994,0.000091291,0.00042914,0.000076387,,,2024-08-21
34,80,Se,94,239,Pu,0,0.0010068,0.00017871,0.00076917,0.00014853,,,2024-08-21
34,81,Se,94,239,Pu,0,0.0017686,0.0003095,0.0013299,0.00028726,,,2024-08-21
34,82,Se,94,239,Pu,0,0.0023065,0.00041057,0.0022505,0.00054013,,,2024-08-21
34,83,Se,94,239,Pu,0,0.0017115,0.00010868,0.0017024,0.00020441,,,2024-08-21
34,84,Se,94,239,Pu,0,0.004156,0.00018485,0.0047966,0.00034197,,,2024-08-21
34,85,Se,94,239,Pu,0,0.0036452,0.0002671,0.0044588,0.0003929,,,2024-08-21
34,86,Se,94,239,Pu,0,0.002858,0.00039743,0.0040219,0.00044598,,,2024-08-21
34,87,Se,94,239,Pu,0,0.0011936,0.00033384,0.0017539,0.00040935,,,2024-08-21
34,88,Se,94,239,Pu,0,0.00042524,0.00014314,0.00066856,0.00020908,,,2024-08-21
34,89,Se,94,239,Pu,0,0.000075637,0.000027254,0.00010343,0.000035957,,,2024-08-21
34,90,Se,94,239,Pu,0,0.0000098686,0.0000036358,0.000012211,0.0000044868,,,2024-08-21
34,91,Se,94,239,Pu,0,0.00000071522,0.00000025411,0.00000078757,0.00000028006,,,2024-08-21
34,92,Se,94,239,Pu,0,0.000000035486,0.000000012465,0.000000031898,0.000000011432,,,2024-08-21
34,93,Se,94,239,Pu,0,0.0000000008465,0.00000000030038,0.00000000056414,0.00000000020448,,,2024-08-21
34,94,Se,94,239,Pu,0,0.000000000015358,0.0000000000056606,0.0000000000081086,0.0000000000029639,,,2024-08-21
35,78,Br,94,239,Pu,0,0.000000000021386,0.0000000000082642,,,,,2024-08-21
35,79,Br,94,239,Pu,0,0.00000030152,0.000000065146,0.00000023471,0.000000053744,,,2024-08-21
35,80,Br,94,239,Pu,0,0.00000005609,0.000000020512,0.0000000056943,0.0000000020563,,,2024-08-21
35,81,Br,94,239,Pu,0,0.0017703,0.00030981,0.0013302,0.00028733,,,2024-08-21
35,82,Br,94,239,Pu,0,0.000017363,0.0000059745,0.0000055095,0.0000019949,,,2024-08-21
35,83,Br,94,239,Pu,0,0.0028188,0.00009856,0.0032778,0.00029766,,,2024-08-21
35,84,Br,94,239,Pu,0,0.0044583,0.000193,0.0050224,0.00035672,,,2024-08-21
35,85,Br,94,239,Pu,0,0.0057393,0.00025934,0.0061675,0.00048759,,,2024-08-21
35,86,Br,94,239,Pu,0,0.0067418,0.00019731,0.0075647,0.00049619,,,2024-08-21
35,87,Br,94,239,Pu,0,0.0066738,0.00040748,0.0083192,0.00038496,,,2024-08-21
35,88,Br,94,239,Pu,0,0.0050193,0.00065697,0.0078345,0.00078909,,,2024-08-21
35,89,Br,94,239,Pu,0,0.0030802,0.00070916,0.005073,0.00085471,,,2024-08-21
35,90,Br,94,239,Pu,0,0.00095761,0.00031353,0.0014973,0.00045285,,,2024-08-21
35,91,Br,94,239,Pu,0,0.00026218,0.000090474,0.00041733,0.00014136,,,2024-08-21
35,92,Br,94,239,Pu,0,0.000035145,0.000012291,0.000049644,0.000017682,,,2024-08-21
35,93,Br,94,239,Pu,0,0.0000034912,0.0000012382,0.0000043275,0.0000015676,,,2024-08-21
35,94,Br,94,239,Pu,0,0.00000017,0.000000062651,0.00000018302,0.000000066894,,,2024-08-21
35,95,Br,94,239,Pu,0,0.00000000674,0.0000000024621,0.0000000055403,0.0000000020231,,,2024-08-21
35,96,Br,94,239,Pu,0,0.00000000013226,0.000000000047401,0.000000000083994,0.000000000030508,,,2024-08-21
35,97,Br,94,239,Pu,0,0.0000000000021593,0.00000000000076889,,,,,2024-08-21
36,80,Kr,94,239,Pu,0,0.000000051449,0.000000018811,0.0000000052217,0.0000000018856,,,2024-08-21
36,81,Kr,94,239,Pu,0,0.0000000011677,0.00000000045096,0.000000000045707,0.000000000017616,,,2024-08-21
36,82,Kr,94,239,Pu,0,0.000017539,0.0000059906,0.0000055498,0.0000020014,,,2024-08-21
36,83,Kr,94,239,Pu,0,0.0028197,0.00009856,0.003278,0.00029766,,,2024-08-21
36,84,Kr,94,239,Pu,0,0.0047777,0.00020266,0.0052535,0.00036359,,,2024-08-21
36,85,Kr,94,239,Pu,0,0.001358,0.00014155,0.0013775,0.00017006,,,2024-08-21
36,86,Kr,94,239,Pu,0,0.0078284,0.00018458,0.0082512,0.00052552,,,2024-08-21
36,87,Kr,94,239,Pu,0,0.0096471,0.00042077,0.010474,0.00041779,,,2024-08-21
36,88,Kr,94,239,Pu,0,0.012511,0.00035405,0.014139,0.00096159,,,2024-08-21
36,89,Kr,94,239,Pu,0,0.014172,0.00037508,0.015076,0.00067827,,,2024-08-21
36,90,Kr,94,239,Pu,0,0.013652,0.00068903,0.014925,0.00064393,,,2024-08-21
36,91,Kr,94,239,Pu,0,0.0089737,0.0011987,0.010967,0.0012963,,,2024-08-21
36,92,Kr,94,239,Pu,0,0.0043644,0.0010581,0.0054789,0.0012486,,,2024-08-21
36,93,Kr,94,239,Pu,0,0.0010957,0.0003606,0.0012942,0.00042782,,,2024-08-21
36,94,Kr,94,239,Pu,0,0.00020094,0.000073061,0.00023888,0.000085847,,,2024-08-21
36,95,Kr,94,239,Pu,0,0.000021194,0.0000077285,0.000021034,0.0000076664,,,2024-08-21
36,96,Kr,94,239,Pu,0,0.0000016256,0.0000005825,0.0000014617,0.00000053083,,,2024-08-21
36,97,Kr,94,239,Pu,0,0.000000069596,0.000000024781,0.00000004776,0.000000017409,,,2024-08-21
36,98,Kr,94,239,Pu,0,0.0000000024396,0.00000000094743,0.0000000014136,0.00000000051049,,,2024-08-21
36,99,Kr,94,239,Pu,0,0.000000000041933,0.000000000015046,0.000000000018008,0.000000000006392,,,2024-08-21
37,83,Rb,94,239,Pu,0,0.0000000002581,0.000000000073056,0.000000000016535,0.0000000000048876,,,2024-08-21
37,84,Rb,94,239,Pu,0,0.000000013076,0.0000000037746,0.0000000015407,0.00000000041623,,,2024-08-21
37,85,Rb,94,239,Pu,0,0.0058833,0.00026479,0.0062249,0.00049186,,,2024-08-21
37,86,Rb,94,239,Pu,0,0.0000074182,0.0000019605,0.0000020197,0.00000055172,,,2024-08-21
37,87,Rb,94,239,Pu,0,0.0097333,0.00042077,0.01051,0.00041779,,,2024-08-21
37,88,Rb,94,239,Pu,0,0.013053,0.00036288,0.014471,0.00097104,,,2024-08-21
37,89,Rb,94,239,Pu,0,0.016819,0.00032078,0.017098,0.00071933,,,2024-08-21
37,90,Rb,94,239,Pu,0,0.01265,0.00067796,0.013606,0.00065056,,,2024-08-21
37,91,Rb,94,239,Pu,0,0.021722,0.00040988,0.024245,0.00096525,,,2024-08-21
37,92,Rb,94,239,Pu,0,0.020197,0.0010605,0.023673,0.0013695,,,2024-08-21
37,93,Rb,94,239,Pu,0,0.0168,0.001874,0.021788,0.0018486,,,2024-08-21
37,94,Rb,94,239,Pu,0,0.0069677,0.0017067,0.009897,0.0020446,,,2024-08-21
37,95,Rb,94,239,Pu,0,0.0026052,0.00082615,0.0035588,0.0010631,,,2024-08-21
37,96,Rb,94,239,Pu,0,0.00036462,0.000095117,0.00048273,0.00012705,,,2024-08-21
37,97,Rb,94,239,Pu,0,0.000077736,0.000027538,0.000091266,0.000033066,,,2024-08-21
37,98,Rb,94,239,Pu,0,0.0000035055,0.0000013609,0.0000037853,0.0000013665,,,2024-08-21
37,99,Rb,94,239,Pu,0,0.00000046697,0.00000016753,0.00000043765,0.00000015534,,,2024-08-21
37,100,Rb,94,239,Pu,0,0.000000016792,0.000000007169,0.00000001255,0.000000004703,,,2024-08-21
37,101,Rb,94,239,Pu,0,0.00000000042709,0.0000000001562,0.00000000027048,0.00000000010836,,,2024-08-21
37,102,Rb,94,239,Pu,0,0.0000000000059351,0.0000000000022374,0.0000000000027843,0.0000000000011043,,,2024-08-21
38,84,Sr,94,239,Pu,0,0.0000000004195,0.0000000001208,0.000000000049302,0.000000000013319,,,2024-08-21
38,85,Sr,94,239,Pu,0,0.000000000097402,0.000000000030799,0.0000000000040888,0.0000000000012888,,,2024-08-21
38,86,Sr,94,239,Pu,0,0.0000074247,0.0000019604,0.0000020201,0.0000005517,,,2024-08-21
38,87,Sr,94,239,Pu,0,0.00000021732,0.000000065984,0.000000027382,0.0000000083892,,,2024-08-21
38,88,Sr,94,239,Pu,0,0.013058,0.00036288,0.014473,0.00097104,,,2024-08-21
38,89,Sr,94,239,Pu,0,0.016889,0.00032156,0.01712,0.00072011,,,2024-08-21
38,90,Sr,94,239,Pu,0,0.020133,0.00054396,0.020307,0.00056932,,,2024-08-21
38,91,Sr,94,239,Pu,0,0.0244,0.00029292,0.025782,0.0010056,,,2024-08-21
38,92,Sr,94,239,Pu,0,0.029988,0.00065977,0.030726,0.0015275,,,2024-08-21
38,93,Sr,94,239,Pu,0,0.037149,0.0012756,0.037991,0.0019006,,,2024-08-21
38,94,Sr,94,239,Pu,0,0.037095,0.0011822,0.037893,0.0018542,,,2024-08-21
38,95,Sr,94,239,Pu,0,0.032298,0.001666,0.032589,0.0014768,,,2024-08-21
38,96,Sr,94,239,Pu,0,0.020564,0.0024368,0.023007,0.0024609,,,2024-08-21
38,97,Sr,94,239,Pu,0,0.0073653,0.0018512,0.0077193,0.0019024,,,2024-08-21
38,98,Sr,94,239,Pu,0,0.0023143,0.00081826,0.0025559,0.00081886,,,2024-08-21
38,99,Sr,94,239,Pu,0,0.00037617,0.00013268,0.00038798,0.00013503,,,2024-08-21
38,100,Sr,94,239,Pu,0,0.000051097,0.000021766,0.000048981,0.000018309,,,2024-08-21
38,101,Sr,94,239,Pu,0,0.0000033644,0.0000012301,0.0000029809,0.0000011939,,,2024-08-21
38,102,Sr,94,239,Pu,0,0.00000018207,0.000000068631,0.00000014007,0.000000055554,,,2024-08-21
38,103,Sr,94,239,Pu,0,0.0000000054893,0.0000000019626,0.0000000027385,0.00000000099321,,,2024-08-21
38,104,Sr,94,239,Pu,0,0.000000000095326,0.00000000003616,0.000000000042764,0.000000000016839,,,2024-08-21
39,87,Y,94,239,Pu,0,0.000000000019223,0.0000000000058226,,,,,2024-08-21
39,88,Y,94,239,Pu,0,0.0000000013245,0.00000000034142,0.00000000010527,0.000000000027032,,,2024-08-21
39,89,Y,94,239,Pu,0,0.016889,0.00032156,0.01712,0.00072011,,,2024-08-21
39,90,Y,94,239,Pu,0,0.020135,0.000544,0.020307,0.00056933,,,2024-08-21
39,91,Y,94,239,Pu,0,0.024428,0.00029316,0.025791,0.0010059,,,2024-08-21
39,92,Y,94,239,Pu,0,0.030257,0.00066066,0.030845,0.0015275,,,2024-08-21
39,93,Y,94,239,Pu,0,0.039115,0.0013144,0.039176,0.001924,,,2024-08-21
39,94,Y,94,239,Pu,0,0.043006,0.001206,0.042458,0.0019971,,,2024-08-21
39,95,Y,94,239,Pu,0,0.048157,0.0009805,0.046249,0.0009764,,,2024-08-21
39,96,Y,94,239,Pu,0,0.028753,0.0020133,0.030265,0.0021635,,,2024-08-21
39,97,Y,94,239,Pu,0,0.012115,0.0015617,0.012173,0.0015406,,,2024-08-21
39,98,Y,94,239,Pu,0,0.0067512,0.0013538,0.0074617,0.0011126,,,2024-08-21
39,99,Y,94,239,Pu,0,0.013313,0.0028045,0.017831,0.0028934,,,2024-08-21
39,100,Y,94,239,Pu,0,0.0020936,0.00079613,0.0027279,0.00086057,,,2024-08-21
39,101,Y,94,239,Pu,0,0.00096586,0.00033986,0.0013416,0.00051197,,,2024-08-21
39,102,Y,94,239,Pu,0,0.000065541,0.000024583,0.000085271,0.000033625,,,2024-08-21
39,103,Y,94,239,Pu,0,0.000015272,0.0000054551,0.000015085,0.0000054664,,,2024-08-21
39,104,Y,94,239,Pu,0,0.00000069962,0.00000026535,0.00000068013,0.00000026779,,,2024-08-21
39,105,Y,94,239,Pu,0,0.000000028423,0.000000010517,0.00000001821,0.0000000066888,,,2024-08-21
39,106,Y,94,239,Pu,0,0.0000000003285,0.00000000011971,0.00000000015234,0.000000000057809,,,2024-08-21
39,107,Y,94,239,Pu,0,0.0000000000026422,0.000000000001002,,,,,2024-08-21
40,89,Zr,94,239,Pu,0,0.0000000000051317,0.0000000000015719,,,,,2024-08-21
40,90,Zr,94,239,Pu,0,0.020135,0.000544,0.020307,0.00056933,,,2024-08-21
40,91,Zr,94,239,Pu,0,0.024428,0.00029316,0.025791,0.0010059,,,2024-08-21
40,92,Zr,94,239,Pu,0,0.030258,0.00066066,0.030845,0.0015275,,,2024-08-21
40,93,Zr,94,239,Pu,0,0.039133,0.0013144,0.039179,0.001924,,,2024-08-21
40,94,Zr,94,239,Pu,0,0.043204,0.0012106,0.042526,0.002,,,2024-08-21
40,95,Zr,94,239,Pu,0,0.049486,0.00098998,0.046825,0.00098378,,,2024-08-21
40,96,Zr,94,239,Pu,0,0.049319,0.0015289,0.048892,0.0021513,,,2024-08-21
40,97,Zr,94,239,Pu,0,0.052483,0.00073248,0.050011,0.0007413,,,2024-08-21
40,98,Zr,94,239,Pu,0,0.056334,0.0062614,0.054724,0.0026906,,,2024-08-21
40,99,Zr,94,239,Pu,0,0.053151,0.00098575,0.051763,0.0013533,,,2024-08-21
40,100,Zr,94,239,Pu,0,0.048781,0.0073679,0.049531,0.0029141,,,2024-08-21
40,101,Zr,94,239,Pu,0,0.025536,0.0033603,0.029689,0.0051159,,,2024-08-21
40,102,Zr,94,239,Pu,0,0.011703,0.0029446,0.01452,0.0037552,,,2024-08-21
40,103,Zr,94,239,Pu,0,0.0032587,0.0010527,0.00325,0.0010566,,,2024-08-21
40,104,Zr,94,239,Pu,0,0.00055382,0.00020613,0.00063082,0.0002435,,,2024-08-21
40,105,Zr,94,239,Pu,0,0.00005872,0.000021677,0.000048109,0.000017632,,,2024-08-21
40,106,Zr,94,239,Pu,0,0.0000029502,0.0000010748,0.0000020913,0.00000079342,,,2024-08-21
40,107,Zr,94,239,Pu,0,0.000000070842,0.000000026864,0.000000035384,0.000000016909,,,2024-08-21
40,108,Zr,94,239,Pu,0,0.00000000082926,0.00000000031077,0.00000000029621,0.00000000016962,,,2024-08-21
40,109,Zr,94,239,Pu,0,0.000000000006935,0.0000000000030657,0.0000000000012966,0.00000000000068786,,,2024-08-21
40,110,Zr,94,239,Pu,0,0.000000000001211,0.00000000000046152,,,,,2024-08-21
41,92,Nb,94,239,Pu,0,0.000000000038791,0.000000000013625,0.000000000002071,0.0000000000007422,,,2024-08-21
41,93,Nb,94,239,Pu,0,0.0000000056018,0.0000000016605,0.00000000050503,0.00000000015601,,,2024-08-21
41,94,Nb,94,239,Pu,0,0.000000168,0.000000044572,0.000000025538,0.0000000068597,,,2024-08-21
41,95,Nb,94,239,Pu,0,0.049461,0.00098954,0.046798,0.0009833,,,2024-08-21
41,96,Nb,94,239,Pu,0,0.000050685,0.000018145,0.000017011,0.0000061772,,,2024-08-21
41,97,Nb,94,239,Pu,0,0.052935,0.00073248,0.05021,0.0007413,,,2024-08-21
41,98,Nb,94,239,Pu,0,0.056896,0.0063207,0.055025,0.0027027,,,2024-08-21
41,99,Nb,94,239,Pu,0,0.04092,0.0015515,0.038444,0.0017294,,,2024-08-21
41,100,Nb,94,239,Pu,0,0.05227,0.0077916,0.052254,0.0029339,,,2024-08-21
41,101,Nb,94,239,Pu,0,0.056416,0.0027895,0.063015,0.0080161,,,2024-08-21
41,102,Nb,94,239,Pu,0,0.027754,0.0033606,0.034432,0.0049406,,,2024-08-21
41,103,Nb,94,239,Pu,0,0.034198,0.0030741,0.039553,0.0025721,,,2024-08-21
41,104,Nb,94,239,Pu,0,0.0066637,0.0017155,0.009445,0.0023767,,,2024-08-21
41,105,Nb,94,239,Pu,0,0.0047231,0.0014799,0.0055923,0.0016443,,,2024-08-21
41,106,Nb,94,239,Pu,0,0.00064797,0.00022846,0.00072707,0.00026586,,,2024-08-21
41,107,Nb,94,239,Pu,0,0.000066038,0.000024922,0.000062174,0.000029591,,,2024-08-21
41,108,Nb,94,239,Pu,0,0.0000024395,0.00000091372,0.0000018541,0.0000010614,,,2024-08-21
41,109,Nb,94,239,Pu,0,0.000000087858,0.000000038835,0.000000041717,0.000000022131,,,2024-08-21
41,110,Nb,94,239,Pu,0,0.000000018455,0.000000007033,0.0000000000012216,0.00000000000071175,,,2024-08-21
41,111,Nb,94,239,Pu,0,0.000000010113,0.0000000037241,,,,,2024-08-21
41,112,Nb,94,239,Pu,0,0.00000000019367,0.000000000071857,0.000000000027847,0.000000000011127,,,2024-08-21
42,94,Mo,94,239,Pu,0,0.00000000036313,0.0000000001284,0.000000000047871,0.000000000017499,,,2024-08-21
42,95,Mo,94,239,Pu,0,0.049491,0.00099005,0.046826,0.00098379,,,2024-08-21
42,96,Mo,94,239,Pu,0,0.000050733,0.000018145,0.000017016,0.0000061772,,,2024-08-21
42,97,Mo,94,239,Pu,0,0.052936,0.00073248,0.05021,0.0007413,,,2024-08-21
42,98,Mo,94,239,Pu,0,0.058614,0.0065064,0.056079,0.0027486,,,2024-08-21
42,99,Mo,94,239,Pu,0,0.061845,0.00055684,0.058227,0.0012812,,,2024-08-21
42,100,Mo,94,239,Pu,0,0.068378,0.0099833,0.066115,0.0033719,,,2024-08-21
42,101,Mo,94,239,Pu,0,0.061726,0.0029628,0.066309,0.0084212,,,2024-08-21
42,102,Mo,94,239,Pu,0,0.060477,0.0050802,0.067407,0.0081563,,,2024-08-21
42,103,Mo,94,239,Pu,0,0.067252,0.0008513,0.064544,0.001558,,,2024-08-21
42,104,Mo,94,239,Pu,0,0.054618,0.0029478,0.061595,0.0061862,,,2024-08-21
42,105,Mo,94,239,Pu,0,0.040431,0.0020863,0.038787,0.001463,,,2024-08-21
42,106,Mo,94,239,Pu,0,0.019247,0.0020779,0.02005,0.0023307,,,2024-08-21
42,107,Mo,94,239,Pu,0,0.0050689,0.0013852,0.0047762,0.001742,,,2024-08-21
42,108,Mo,94,239,Pu,0,0.0008055,0.00027913,0.00072116,0.0003878,,,2024-08-21
42,109,Mo,94,239,Pu,0,0.000079944,0.000035014,0.000048473,0.000025451,,,2024-08-21
42,110,Mo,94,239,Pu,0,0.000026914,0.000010176,0.00000064951,0.00000037838,,,2024-08-21
42,111,Mo,94,239,Pu,0,0.000012038,0.0000043993,0.00000034825,0.00000014319,,,2024-08-21
42,112,Mo,94,239,Pu,0,0.00000070143,0.00000025994,0.00000023004,0.00000009188,,,2024-08-21
42,113,Mo,94,239,Pu,0,0.000000011427,0.0000000042081,0.0000000033921,0.0000000013875,,,2024-08-21
42,114,Mo,94,239,Pu,0,0.00000000014898,0.000000000054606,0.00000000003073,0.000000000012511,,,2024-08-21
42,115,Mo,94,239,Pu,0,0.0000000000011498,0.00000000000042429,,,,,2024-08-21
43,96,Tc,94,239,Pu,0,0.0000000000010601,0.0000000000002699,,,,,2024-08-21
43,97,Tc,94,239,Pu,0,0.000000000095074,0.000000000028231,0.0000000000052376,0.0000000000016216,,,2024-08-21
43,98,Tc,94,239,Pu,0,0.0000000046253,0.0000000017962,0.00000000044566,0.00000000016094,,,2024-08-21
43,99,Tc,94,239,Pu,0,0.061843,0.00055678,0.058225,0.0012811,,,2024-08-21
43,100,Tc,94,239,Pu,0,0.0000031366,0.0000013391,0.00000074916,0.00000028074,,,2024-08-21
43,101,Tc,94,239,Pu,0,0.061768,0.0029645,0.066325,0.0084226,,,2024-08-21
43,102,Tc,94,239,Pu,0,0.06064,0.0050938,0.067494,0.0081668,,,2024-08-21
43,103,Tc,94,239,Pu,0,0.069469,0.00083363,0.065872,0.0015809,,,2024-08-21
43,104,Tc,94,239,Pu,0,0.060706,0.0032174,0.066835,0.00668,,,2024-08-21
43,105,Tc,94,239,Pu,0,0.056816,0.0020476,0.052442,0.00099766,,,2024-08-21
43,106,Tc,94,239,Pu,0,0.038891,0.00093906,0.039388,0.0023378,,,2024-08-21
43,107,Tc,94,239,Pu,0,0.024457,0.0015945,0.02677,0.0050695,,,2024-08-21
43,108,Tc,94,239,Pu,0,0.0091303,0.0011533,0.011875,0.003859,,,2024-08-21
43,109,Tc,94,239,Pu,0,0.003187,0.00099135,0.0032548,0.0010453,,,2024-08-21
43,110,Tc,94,239,Pu,0,0.00099866,0.000275,0.00065937,0.00033064,,,2024-08-21
43,111,Tc,94,239,Pu,0,0.00053381,0.00013839,0.00042936,0.00014404,,,2024-08-21
43,112,Tc,94,239,Pu,0,0.000064905,0.000021857,0.000049348,0.000018502,,,2024-08-21
43,113,Tc,94,239,Pu,0,0.0000054539,0.0000019816,0.0000045358,0.0000018427,,,2024-08-21
43,114,Tc,94,239,Pu,0,0.00000023576,0.0000000863,0.00000015133,0.000000061583,,,2024-08-21
43,115,Tc,94,239,Pu,0,0.000000008338,0.0000000030763,0.0000000044948,0.0000000017192,,,2024-08-21
43,116,Tc,94,239,Pu,0,0.00000000035737,0.00000000013163,0.000000000086126,0.000000000034869,,,2024-08-21
43,117,Tc,94,239,Pu,0,0.0000000000082598,0.0000000000030268,0.0000000000011928,0.00000000000054986,,,2024-08-21
44,99,Ru,94,239,Pu,0,0.000002015,0.00000016247,0.0000018971,0.00000016732,,,2024-08-21
44,100,Ru,94,239,Pu,0,0.0000031372,0.0000013391,0.0000007492,0.00000028074,,,2024-08-21
44,101,Ru,94,239,Pu,0,0.061768,0.0029645,0.066325,0.0084226,,,2024-08-21
44,102,Ru,94,239,Pu,0,0.060803,0.0051075,0.067581,0.0081773,,,2024-08-21
44,103,Ru,94,239,Pu,0,0.069481,0.00083376,0.065875,0.0015809,,,2024-08-21
44,104,Ru,94,239,Pu,0,0.060815,0.0032192,0.066883,0.00668,,,2024-08-21
44,105,Ru,94,239,Pu,0,0.057593,0.0020733,0.052817,0.0010035,,,2024-08-21
44,106,Ru,94,239,Pu,0,0.041876,0.00092129,0.041256,0.0024341,,,2024-08-21
44,107,Ru,94,239,Pu,0,0.031545,0.0018298,0.031314,0.005887,,,2024-08-21
44,108,Ru,94,239,Pu,0,0.019575,0.0011424,0.020126,0.0062599,,,2024-08-21
44,109,Ru,94,239,Pu,0,0.014294,0.0023608,0.013704,0.0027692,,,2024-08-21
44,110,Ru,94,239,Pu,0,0.0051402,0.0003236,0.0068094,0.0018606,,,2024-08-21
44,111,Ru,94,239,Pu,0,0.0025243,0.000082357,0.0037258,0.00018121,,,2024-08-21
44,112,Ru,94,239,Pu,0,0.00075322,0.000071216,0.00081455,0.00011791,,,2024-08-21
44,113,Ru,94,239,Pu,0,0.00015449,0.000027885,0.00020451,0.000048824,,,2024-08-21
44,114,Ru,94,239,Pu,0,0.000035507,0.000011542,0.000041201,0.000015539,,,2024-08-21
44,115,Ru,94,239,Pu,0,0.0000040347,0.000001459,0.0000043443,0.0000016433,,,2024-08-21
44,116,Ru,94,239,Pu,0,0.00000062245,0.00000022863,0.00000033848,0.00000013688,,,2024-08-21
44,117,Ru,94,239,Pu,0,0.0000000446,0.000000016337,0.000000015934,0.0000000073444,,,2024-08-21
44,118,Ru,94,239,Pu,0,0.000000004028,0.0000000015161,0.0000000010474,0.00000000048473,,,2024-08-21
44,119,Ru,94,239,Pu,0,0.00000000028405,0.000000000106,0.00000000005528,0.000000000023134,,,2024-08-21
44,120,Ru,94,239,Pu,0,0.000000000015886,0.0000000000064981,0.0000000000026565,0.000000000001108,,,2024-08-21
45,102,Rh,94,239,Pu,0,0.000000000033548,0.000000000012326,0.0000000000022605,0.00000000000087784,,,2024-08-21
45,103,Rh,94,239,Pu,0,0.069481,0.00083376,0.065875,0.0015809,,,2024-08-21
45,104,Rh,94,239,Pu,0,0.000000090665,0.000000027366,0.000000016063,0.0000000051986,,,2024-08-21
45,105,Rh,94,239,Pu,0,0.057595,0.0020734,0.052818,0.0010035,,,2024-08-21
45,106,Rh,94,239,Pu,0,0.041884,0.00092146,0.041259,0.0024343,,,2024-08-21
45,107,Rh,94,239,Pu,0,0.031765,0.0018424,0.031411,0.0059051,,,2024-08-21
45,108,Rh,94,239,Pu,0,0.019819,0.0011534,0.020233,0.0062926,,,2024-08-21
45,109,Rh,94,239,Pu,0,0.016674,0.0027345,0.014282,0.002885,,,2024-08-21
45,110,Rh,94,239,Pu,0,0.00002821,0.0000095246,0.000011988,0.000008107,,,2024-08-21
45,111,Rh,94,239,Pu,0,0.0030684,0.00007365,0.0040899,0.00019627,,,2024-08-21
45,112,Rh,94,239,Pu,0,0.0010021,0.000068209,0.0011024,0.00013533,,,2024-08-21
45,113,Rh,94,239,Pu,0,0.00069903,0.000037452,0.0010823,0.00015122,,,2024-08-21
45,114,Rh,94,239,Pu,0,0.00018016,0.000021822,0.00028715,0.000055494,,,2024-08-21
45,115,Rh,94,239,Pu,0,0.00010983,0.000021865,0.00019179,0.000045717,,,2024-08-21
45,116,Rh,94,239,Pu,0,0.000015401,0.0000048839,0.000013392,0.0000049475,,,2024-08-21
45,117,Rh,94,239,Pu,0,0.000011497,0.0000040245,0.0000082484,0.0000037225,,,2024-08-21
45,118,Rh,94,239,Pu,0,0.0000026417,0.00000098372,0.0000015027,0.00000069238,,,2024-08-21
45,119,Rh,94,239,Pu,0,0.00000048173,0.00000017939,0.00000022345,0.000000093442,,,2024-08-21
45,120,Rh,94,239,Pu,0,0.00000006502,0.000000026585,0.000000027858,0.000000011618,,,2024-08-21
45,121,Rh,94,239,Pu,0,0.00000000039674,0.00000000016566,0.000000000080492,0.00000000003371,,,2024-08-21
45,122,Rh,94,239,Pu,0,0.000000000013512,0.0000000000049436,0.0000000000017048,0.00000000000071304,,,2024-08-21
46,102,Pd,94,239,Pu,0,0.0000000000036292,0.0000000000013681,,,,,2024-08-21
46,104,Pd,94,239,Pu,0,0.00000009035,0.000000027244,0.000000016007,0.0000000051757,,,2024-08-21
46,105,Pd,94,239,Pu,0,0.057595,0.0020734,0.052818,0.0010035,,,2024-08-21
46,106,Pd,94,239,Pu,0,0.041903,0.00092187,0.041266,0.0024347,,,2024-08-21
46,107,Pd,94,239,Pu,0,0.031766,0.0018424,0.031411,0.0059051,,,2024-08-21
46,108,Pd,94,239,Pu,0,0.020562,0.0011925,0.020604,0.0064066,,,2024-08-21
46,109,Pd,94,239,Pu,0,0.016732,0.0027437,0.014303,0.0028892,,,2024-08-21
46,110,Pd,94,239,Pu,0,0.0062473,0.00036859,0.0073312,0.0020014,,,2024-08-21
46,111,Pd,94,239,Pu,0,0.0030739,0.000073776,0.0040857,0.00019611,,,2024-08-21
46,112,Pd,94,239,Pu,0,0.0012816,0.000076894,0.0014281,0.00016709,,,2024-08-21
46,113,Pd,94,239,Pu,0,0.0008084,0.000041229,0.0012824,0.00017698,,,2024-08-21
46,114,Pd,94,239,Pu,0,0.00052777,0.000026952,0.00093411,0.00012521,,,2024-08-21
46,115,Pd,94,239,Pu,0,0.00018139,0.000017362,0.00034364,0.000040757,,,2024-08-21
46,116,Pd,94,239,Pu,0,0.00032233,0.000021223,0.00041754,0.000057593,,,2024-08-21
46,117,Pd,94,239,Pu,0,0.00019429,0.000021537,0.00020681,0.000051965,,,2024-08-21
46,118,Pd,94,239,Pu,0,0.00010243,0.000025243,0.000094162,0.000033872,,,2024-08-21
46,119,Pd,94,239,Pu,0,0.000045038,0.000014249,0.000036702,0.000013979,,,2024-08-21
46,120,Pd,94,239,Pu,0,0.000013999,0.0000054504,0.000011325,0.0000045841,,,2024-08-21
46,121,Pd,94,239,Pu,0,0.00000062691,0.00000026124,0.00000028736,0.00000012023,,,2024-08-21
46,122,Pd,94,239,Pu,0,0.000000067089,0.000000024537,0.000000021022,0.0000000087912,,,2024-08-21
46,123,Pd,94,239,Pu,0,0.0000000048498,0.0000000020348,0.0000000010979,0.00000000046451,,,2024-08-21
46,124,Pd,94,239,Pu,0,0.00000000019588,0.000000000071747,0.000000000029823,0.000000000012481,,,2024-08-21
47,107,Ag,94,239,Pu,0,0.000000000032676,0.000000000010911,0.0000000000022415,0.00000000000097278,,,2024-08-21
47,108,Ag,94,239,Pu,0,0.00000000079396,0.00000000025343,0.00000000009406,0.000000000047615,,,2024-08-21
47,109,Ag,94,239,Pu,0,0.016732,0.0027437,0.014303,0.0028892,,,2024-08-21
47,110,Ag,94,239,Pu,0,0.0000000068297,0.0000000025258,,,,,2024-08-21
47,111,Ag,94,239,Pu,0,0.0030639,0.000073551,0.0040699,0.00019536,,,2024-08-21
47,112,Ag,94,239,Pu,0,0.0012817,0.000076901,0.0014282,0.0001671,,,2024-08-21
47,113,Ag,94,239,Pu,0,0.00053089,0.000032864,0.00084227,0.00012103,,,2024-08-21
47,114,Ag,94,239,Pu,0,0.00053922,0.0000275,0.00095683,0.00012821,,,2024-08-21
47,115,Ag,94,239,Pu,0,0.00018501,0.000014581,0.00036746,0.000036563,,,2024-08-21
47,116,Ag,94,239,Pu,0,0.00036679,0.000020881,0.00047908,0.000062648,,,2024-08-21
47,117,Ag,94,239,Pu,0,0.00014674,0.000014282,0.00016155,0.000038111,,,2024-08-21
47,118,Ag,94,239,Pu,0,0.00024193,0.000022918,0.00025473,0.000056266,,,2024-08-21
47,119,Ag,94,239,Pu,0,0.00026684,0.000027451,0.00029179,0.000060565,,,2024-08-21
47,120,Ag,94,239,Pu,0,0.00012849,0.000024966,0.00013997,0.000031981,,,2024-08-21
47,121,Ag,94,239,Pu,0,0.000054852,0.000019762,0.000042,0.000015771,,,2024-08-21
47,122,Ag,94,239,Pu,0,0.000009177,0.0000032353,0.0000048161,0.0000019761,,,2024-08-21
47,123,Ag,94,239,Pu,0,0.0000037881,0.0000015786,0.0000017232,0.00000072623,,,2024-08-21
47,124,Ag,94,239,Pu,0,0.00000039261,0.00000010945,0.00000012969,0.000000042998,,,2024-08-21
47,125,Ag,94,239,Pu,0,0.000000023201,0.0000000092265,0.0000000099133,0.0000000040453,,,2024-08-21
47,126,Ag,94,239,Pu,0,0.000000011217,0.0000000046833,,,,,2024-08-21
47,127,Ag,94,239,Pu,0,0.000000016507,0.0000000060413,0.0000000000011319,0.00000000000052087,,,2024-08-21
47,128,Ag,94,239,Pu,0,0.000000030886,0.000000011249,0.000000013444,0.000000006173,,,2024-08-21
47,129,Ag,94,239,Pu,0,0.0000000056688,0.0000000020306,0.00000000049362,0.00000000017601,,,2024-08-21
47,130,Ag,94,239,Pu,0,0.00000000028626,0.0000000001128,0.000000000016268,0.0000000000068786,,,2024-08-21
48,108,Cd,94,239,Pu,0,0.00000000077093,0.00000000024608,0.000000000091332,0.000000000046234,,,2024-08-21
48,109,Cd,94,239,Pu,0,0.0000000000039294,0.0000000000017371,,,,,2024-08-21
48,110,Cd,94,239,Pu,0,0.000000022102,0.0000000064058,0.0000000000013312,0.00000000000064087,,,2024-08-21
48,111,Cd,94,239,Pu,0,0.0030792,0.000073872,0.0040902,0.00019627,,,2024-08-21
48,112,Cd,94,239,Pu,0,0.0012817,0.000076901,0.0014282,0.0001671,,,2024-08-21
48,113,Cd,94,239,Pu,0,0.00080094,0.000040854,0.0012707,0.00017536,,,2024-08-21
48,114,Cd,94,239,Pu,0,0.00053926,0.000027502,0.00095689,0.00012822,,,2024-08-21
48,115,Cd,94,239,Pu,0,0.00034808,0.000018838,0.00073319,0.000058712,,,2024-08-21
48,116,Cd,94,239,Pu,0,0.00045745,0.00002333,0.00062141,0.000078296,,,2024-08-21
48,117,Cd,94,239,Pu,0,0.00034208,0.000019466,0.00040451,0.000085641,,,2024-08-21
48,118,Cd,94,239,Pu,0,0.00045562,0.000032805,0.00050982,0.00010553,,,2024-08-21
48,119,Cd,94,239,Pu,0,0.00034184,0.000028095,0.00036785,0.000071064,,,2024-08-21
48,120,Cd,94,239,Pu,0,0.00041288,0.000060753,0.00050513,0.000093007,,,2024-08-21
48,121,Cd,94,239,Pu,0,0.00014369,0.000030359,0.00012162,0.000027884,,,2024-08-21
48,122,Cd,94,239,Pu,0,0.00029512,0.000042046,0.00023244,0.000056202,,,2024-08-21
48,123,Cd,94,239,Pu,0,0.000052567,0.000018065,0.000031984,0.000011493,,,2024-08-21
48,124,Cd,94,239,Pu,0,0.000072754,0.000024002,0.000041119,0.000016097,,,2024-08-21
48,125,Cd,94,239,Pu,0,0.0000033126,0.0000013024,0.0000023642,0.00000095702,,,2024-08-21
48,126,Cd,94,239,Pu,0,0.000011311,0.0000046947,0.00000018757,0.000000087819,,,2024-08-21
48,127,Cd,94,239,Pu,0,0.000016576,0.0000060208,0.00000048866,0.00000022483,,,2024-08-21
48,128,Cd,94,239,Pu,0,0.000030892,0.000011158,0.000023328,0.000010672,,,2024-08-21
48,129,Cd,94,239,Pu,0,0.0000032285,0.0000011539,0.00000073849,0.00000026301,,,2024-08-21
48,130,Cd,94,239,Pu,0,0.0000017671,0.00000069615,0.00000033422,0.0000001413,,,2024-08-21
48,131,Cd,94,239,Pu,0,0.000000087431,0.000000030574,0.000000010379,0.0000000036192,,,2024-08-21
48,132,Cd,94,239,Pu,0,0.0000000024988,0.00000000089223,0.00000000015028,0.000000000054627,,,2024-08-21
49,113,In,94,239,Pu,0,0.0000091669,0.0000010334,0.000014543,0.0000026102,,,2024-08-21
49,114,In,94,239,Pu,0,0.0000000000069631,0.0000000000015211,0.0000000000061117,0.0000000000016154,,,2024-08-21
49,115,In,94,239,Pu,0,0.0003469,0.000018776,0.00073006,0.000058466,,,2024-08-21
49,116,In,94,239,Pu,0,0.0000000026371,0.00000000097123,0.0000000023915,0.00000000096822,,,2024-08-21
49,117,In,94,239,Pu,0,0.00029076,0.000016449,0.00034813,0.000073577,,,2024-08-21
49,118,In,94,239,Pu,0,0.00045593,0.000032827,0.00051011,0.00010559,,,2024-08-21
49,119,In,94,239,Pu,0,0.00019437,0.000023347,0.0002237,0.000047858,,,2024-08-21
49,120,In,94,239,Pu,0,0.00041942,0.000061682,0.00051334,0.000094483,,,2024-08-21
49,121,In,94,239,Pu,0,0.00041912,0.000068836,0.00042533,0.000078234,,,2024-08-21
49,122,In,94,239,Pu,0,0.00044479,0.000035352,0.00035178,0.00006909,,,2024-08-21
49,123,In,94,239,Pu,0,0.0005869,0.00010248,0.00046917,0.000088401,,,2024-08-21
49,124,In,94,239,Pu,0,0.00042732,0.000053273,0.00028003,0.00006335,,,2024-08-21
49,125,In,94,239,Pu,0,0.00027523,0.000070691,0.00032359,0.000088348,,,2024-08-21
49,126,In,94,239,Pu,0,0.00032729,0.00010865,0.00011389,0.000047608,,,2024-08-21
49,127,In,94,239,Pu,0,0.00072088,0.00018586,0.00053398,0.00021044,,,2024-08-21
49,128,In,94,239,Pu,0,0.00092126,0.00018021,0.0010122,0.00037448,,,2024-08-21
49,129,In,94,239,Pu,0,0.0010037,0.00028762,0.00059962,0.00017413,,,2024-08-21
49,130,In,94,239,Pu,0,0.00014499,0.00005509,0.000060928,0.000024853,,,2024-08-21
49,131,In,94,239,Pu,0,0.000031851,0.000010902,0.000010662,0.000003645,,,2024-08-21
49,132,In,94,239,Pu,0,0.0000094532,0.000003372,0.0000018602,0.00000067578,,,2024-08-21
49,133,In,94,239,Pu,0,0.00000045684,0.00000013885,0.000000054603,0.000000016944,,,2024-08-21
49,134,In,94,239,Pu,0,0.0000000076397,0.0000000027731,0.0000000005075,0.0000000001843,,,2024-08-21
49,135,In,94,239,Pu,0,0.000000000092971,0.000000000033194,0.0000000000026263,0.00000000000096699,,,2024-08-21
50,114,Sn,94,239,Pu,0,0.0000000000069283,0.0000000000015135,0.0000000000060812,0.0000000000016073,,,2024-08-21
50,115,Sn,94,239,Pu,0,0.000017404,0.0000016372,0.000036659,0.0000040605,,,2024-08-21
50,116,Sn,94,239,Pu,0,0.000000010595,0.0000000023301,0.000000010724,0.0000000027998,,,2024-08-21
50,117,Sn,94,239,Pu,0,0.00045754,0.000023333,0.00054538,0.00011397,,,2024-08-21
50,118,Sn,94,239,Pu,0,0.00045687,0.000032895,0.00051112,0.0001058,,,2024-08-21
50,119,Sn,94,239,Pu,0,0.00048717,0.000035076,0.00053868,0.00010019,,,2024-08-21
50,120,Sn,94,239,Pu,0,0.00043263,0.000063592,0.00052988,0.000097497,,,2024-08-21
50,121,Sn,94,239,Pu,0,0.00053914,0.000086273,0.00052783,0.000095546,,,2024-08-21
50,122,Sn,94,239,Pu,0,0.00069696,0.000036242,0.00058377,0.00010566,,,2024-08-21
50,123,Sn,94,239,Pu,0,0.00015638,0.000041394,0.00012535,0.000034509,,,2024-08-21
50,124,Sn,94,239,Pu,0,0.0012559,0.00006539,0.00090185,0.00016145,,,2024-08-21
50,125,Sn,94,239,Pu,0,0.00054584,0.000086504,0.00066765,0.00012626,,,2024-08-21
50,126,Sn,94,239,Pu,0,0.0026377,0.00047139,0.0018813,0.00043777,,,2024-08-21
50,127,Sn,94,239,Pu,0,0.0023467,0.00020152,0.0031946,0.00090253,,,2024-08-21
50,128,Sn,94,239,Pu,0,0.0070142,0.00053527,0.0082038,0.0027952,,,2024-08-21
50,129,Sn,94,239,Pu,0,0.0035393,0.00041489,0.0025751,0.00039735,,,2024-08-21
50,130,Sn,94,239,Pu,0,0.0038063,0.0010713,0.0029161,0.000941,,,2024-08-21
50,131,Sn,94,239,Pu,0,0.0018069,0.00045934,0.0011597,0.00031535,,,2024-08-21
50,132,Sn,94,239,Pu,0,0.0019299,0.00062424,0.00091206,0.00031211,,,2024-08-21
50,133,Sn,94,239,Pu,0,0.00033193,0.00011937,0.00011146,0.00004033,,,2024-08-21
50,134,Sn,94,239,Pu,0,0.000021904,0.0000079439,0.0000048552,0.0000017625,,,2024-08-21
50,135,Sn,94,239,Pu,0,0.0000010226,0.00000036506,0.0000001134,0.000000041751,,,2024-08-21
50,136,Sn,94,239,Pu,0,0.000000027477,0.0000000097431,0.0000000017662,0.0000000006514,,,2024-08-21
50,137,Sn,94,239,Pu,0,0.00000000049379,0.00000000017878,0.000000000015724,0.000000000005758,,,2024-08-21
51,119,Sb,94,239,Pu,0,0.000000000002046,0.00000000000061442,,,,,2024-08-21
51,120,Sb,94,239,Pu,0,0.000000000012978,0.0000000000053084,0.0000000000066084,0.0000000000027564,,,2024-08-21
51,121,Sb,94,239,Pu,0,0.00055085,0.000088136,0.00053962,0.000097668,,,2024-08-21
51,122,Sb,94,239,Pu,0,0.00000023954,0.000000062678,0.00000015326,0.00000004973,,,2024-08-21
51,123,Sb,94,239,Pu,0,0.00089008,0.00014686,0.00069135,0.00012512,,,2024-08-21
51,124,Sb,94,239,Pu,0,0.000022759,0.0000048754,0.000015426,0.0000043442,,,2024-08-21
51,125,Sb,94,239,Pu,0,0.0011693,0.00014967,0.0013754,0.00022419,,,2024-08-21
51,126,Sb,94,239,Pu,0,0.00022238,0.000070511,0.0001018,0.00003979,,,2024-08-21
51,127,Sb,94,239,Pu,0,0.0045962,0.00026659,0.0052721,0.0014393,,,2024-08-21
51,128,Sb,94,239,Pu,0,0.007514,0.00056706,0.0089901,0.0030585,,,2024-08-21
51,129,Sb,94,239,Pu,0,0.0098856,0.00067148,0.0087773,0.00091774,,,2024-08-21
51,130,Sb,94,239,Pu,0,0.014523,0.0035673,0.014187,0.0038941,,,2024-08-21
51,131,Sb,94,239,Pu,0,0.027316,0.0010769,0.029095,0.001346,,,2024-08-21
51,132,Sb,94,239,Pu,0,0.013219,0.0019344,0.010599,0.001921,,,2024-08-21
51,133,Sb,94,239,Pu,0,0.01299,0.0030071,0.010016,0.0026035,,,2024-08-21
51,134,Sb,94,239,Pu,0,0.00084875,0.00028824,0.0004422,0.00015431,,,2024-08-21
51,135,Sb,94,239,Pu,0,0.00052188,0.00018353,0.000183,0.000066976,,,2024-08-21
51,136,Sb,94,239,Pu,0,0.000043863,0.000015527,0.000010179,0.0000037526,,,2024-08-21
51,137,Sb,94,239,Pu,0,0.0000029712,0.0000010755,0.00000040151,0.00000014702,,,2024-08-21
51,138,Sb,94,239,Pu,0,0.000000092532,0.000000034972,0.0000000070932,0.0000000027061,,,2024-08-21
51,139,Sb,94,239,Pu,0,0.0000000026618,0.00000000096931,0.00000000010945,0.000000000039697,,,2024-08-21
52,121,Te,94,239,Pu,0,0.0000000000019686,0.0000000000006752,,,,,2024-08-21
52,122,Te,94,239,Pu,0,0.00000023345,0.00000006105,0.00000014932,0.000000048441,,,2024-08-21
52,123,Te,94,239,Pu,0,0.000000004354,0.000000001525,0.0000000014252,0.00000000051519,,,2024-08-21
52,124,Te,94,239,Pu,0,0.000027272,0.000005041,0.000018629,0.0000047949,,,2024-08-21
52,125,Te,94,239,Pu,0,0.0011713,0.00014989,0.0013769,0.00022443,,,2024-08-21
52,126,Te,94,239,Pu,0,0.00049968,0.00011674,0.00020444,0.000061916,,,2024-08-21
52,127,Te,94,239,Pu,0,0.0045959,0.00026657,0.0052517,0.0014337,,,2024-08-21
52,128,Te,94,239,Pu,0,0.0083253,0.00062438,0.010042,0.0034136,,,2024-08-21
52,129,Te,94,239,Pu,0,0.011975,0.00074272,0.011037,0.001091,,,2024-08-21
52,130,Te,94,239,Pu,0,0.027922,0.0067014,0.028724,0.0076406,,,2024-08-21
52,131,Te,94,239,Pu,0,0.029865,0.00090092,0.032018,0.0011964,,,2024-08-21
52,132,Te,94,239,Pu,0,0.050945,0.00093567,0.04916,0.0031586,,,2024-08-21
52,133,Te,94,239,Pu,0,0.030495,0.0020421,0.026133,0.0022541,,,2024-08-21
52,134,Te,94,239,Pu,0,0.043973,0.0031084,0.039082,0.0033939,,,2024-08-21
52,135,Te,94,239,Pu,0,0.021367,0.0037278,0.012795,0.0031863,,,2024-08-21
52,136,Te,94,239,Pu,0,0.0068356,0.001957,0.0032473,0.0010963,,,2024-08-21
52,137,Te,94,239,Pu,0,0.0012097,0.00042154,0.00037503,0.00013549,,,2024-08-21
52,138,Te,94,239,Pu,0,0.00015077,0.000056663,0.00003177,0.000012102,,,2024-08-21
52,139,Te,94,239,Pu,0,0.000011883,0.0000043242,0.0000014953,0.00000054226,,,2024-08-21
52,140,Te,94,239,Pu,0,0.00000066229,0.00000023576,0.000000052809,0.000000019077,,,2024-08-21
52,141,Te,94,239,Pu,0,0.000000020826,0.0000000074752,0.00000000088724,0.00000000032395,,,2024-08-21
52,142,Te,94,239,Pu,0,0.00000000046494,0.00000000016676,0.000000000011365,0.0000000000041545,,,2024-08-21
53,124,I,94,239,Pu,0,0.000000000021932,0.0000000000080334,0.0000000000047672,0.0000000000019951,,,2024-08-21
53,125,I,94,239,Pu,0,0.000000001241,0.00000000049352,0.00000000061708,0.00000000025181,,,2024-08-21
53,126,I,94,239,Pu,0,0.0000000095825,0.0000000040008,,,,,2024-08-21
53,127,I,94,239,Pu,0,0.0046144,0.00026764,0.0052726,0.0014394,,,2024-08-21
53,128,I,94,239,Pu,0,0.00000002511,0.0000000091457,0.000000027007,0.000000012401,,,2024-08-21
53,129,I,94,239,Pu,0,0.014067,0.00085811,0.013119,0.0012857,,,2024-08-21
53,130,I,94,239,Pu,0,0.000015814,0.0000054143,0.000022098,0.0000082613,,,2024-08-21
53,131,I,94,239,Pu,0,0.037241,0.00078204,0.040862,0.0011849,,,2024-08-21
53,132,I,94,239,Pu,0,0.052623,0.0009473,0.051586,0.0033015,,,2024-08-21
53,133,I,94,239,Pu,0,0.069704,0.0012548,0.069937,0.0032871,,,2024-08-21
53,134,I,94,239,Pu,0,0.066232,0.0034529,0.071453,0.0025316,,,2024-08-21
53,135,I,94,239,Pu,0,0.063267,0.0023341,0.062383,0.0022423,,,2024-08-21
53,136,I,94,239,Pu,0,0.0169,0.00219,0.012602,0.0021269,,,2024-08-21
53,137,I,94,239,Pu,0,0.022957,0.0034356,0.017567,0.0032757,,,2024-08-21
53,138,I,94,239,Pu,0,0.0067711,0.0019931,0.0039005,0.0012781,,,2024-08-21
53,139,I,94,239,Pu,0,0.00199,0.0006706,0.00082062,0.0002871,,,2024-08-21
53,140,I,94,239,Pu,0,0.00028506,0.00010001,0.000083106,0.00002988,,,2024-08-21
53,141,I,94,239,Pu,0,0.000034554,0.000012375,0.0000063964,0.0000023343,,,2024-08-21
53,142,I,94,239,Pu,0,0.0000020631,0.00000073973,0.00000024254,0.000000088654,,,2024-08-21
53,143,I,94,239,Pu,0,0.000000085305,0.000000031612,0.000000005664,0.0000000020805,,,2024-08-21
53,144,I,94,239,Pu,0,0.0000000016039,0.00000000059247,0.000000000054732,0.000000000019812,,,2024-08-21
54,126,Xe,94,239,Pu,0,0.0000000041875,0.0000000017484,,,,,2024-08-21
54,128,Xe,94,239,Pu,0,0.000000023379,0.0000000085146,0.000000025143,0.000000011545,,,2024-08-21
54,129,Xe,94,239,Pu,0,0.00000000011821,0.000000000034183,0.00000000007004,0.000000000020812,,,2024-08-21
54,130,Xe,94,239,Pu,0,0.000016621,0.0000055572,0.0000231,0.000008459,,,2024-08-21
54,131,Xe,94,239,Pu,0,0.037241,0.00078204,0.040862,0.0011849,,,2024-08-21
54,132,Xe,94,239,Pu,0,0.052744,0.00094932,0.051774,0.0033133,,,2024-08-21
54,133,Xe,94,239,Pu,0,0.069948,0.0012589,0.07026,0.0033022,,,2024-08-21
54,134,Xe,94,239,Pu,0,0.068721,0.0035698,0.075213,0.002632,,,2024-08-21
54,135,Xe,94,239,Pu,0,0.073602,0.0023555,0.075024,0.002251,,,2024-08-21
54,136,Xe,94,239,Pu,0,0.068978,0.0025304,0.071457,0.0073603,,,2024-08-21
54,137,Xe,94,239,Pu,0,0.061315,0.00097695,0.05657,0.0013645,,,2024-08-21
54,138,Xe,94,239,Pu,0,0.050249,0.0016349,0.043583,0.0025796,,,2024-08-21
54,139,Xe,94,239,Pu,0,0.034126,0.0023015,0.023077,0.0029637,,,2024-08-21
54,140,Xe,94,239,Pu,0,0.016747,0.002659,0.0093146,0.0021602,,,2024-08-21
54,141,Xe,94,239,Pu,0,0.0046585,0.0013486,0.0017976,0.00059844,,,2024-08-21
54,142,Xe,94,239,Pu,0,0.0010154,0.00034608,0.00029955,0.00010765,,,2024-08-21
54,143,Xe,94,239,Pu,0,0.00011069,0.000040745,0.000020663,0.0000075785,,,2024-08-21
54,144,Xe,94,239,Pu,0,0.000008505,0.0000031394,0.00000097702,0.00000035362,,,2024-08-21
54,145,Xe,94,239,Pu,0,0.00000034868,0.00000012492,0.000000022241,0.0000000082836,,,2024-08-21
54,146,Xe,94,239,Pu,0,0.000000011203,0.0000000039631,0.00000000041461,0.0000000001491,,,2024-08-21
54,147,Xe,94,239,Pu,0,0.00000000015037,0.000000000054195,0.0000000000025917,0.0000000000009556,,,2024-08-21
55,131,Cs,94,239,Pu,0,0.000000000031793,0.000000000011118,0.000000000025645,0.0000000000089424,,,2024-08-21
55,132,Cs,94,239,Pu,0,0.0000000029614,0.0000000010574,0.0000000028831,0.000000001048,,,2024-08-21
55,133,Cs,94,239,Pu,0,0.069948,0.0012589,0.07026,0.0033022,,,2024-08-21
55,134,Cs,94,239,Pu,0,0.0000067423,0.0000017672,0.000011529,0.0000029794,,,2024-08-21
55,135,Cs,94,239,Pu,0,0.073847,0.0023631,0.075372,0.0022611,,,2024-08-21
55,136,Cs,94,239,Pu,0,0.00076017,0.00021507,0.0012719,0.00037128,,,2024-08-21
55,137,Cs,94,239,Pu,0,0.065881,0.00080262,0.063518,0.0012123,,,2024-08-21
55,138,Cs,94,239,Pu,0,0.05943,0.0016129,0.055894,0.0028614,,,2024-08-21
55,139,Cs,94,239,Pu,0,0.057155,0.00091832,0.051915,0.0026813,,,2024-08-21
55,140,Cs,94,239,Pu,0,0.044464,0.0011191,0.04189,0.0012533,,,2024-08-21
55,141,Cs,94,239,Pu,0,0.033814,0.0017257,0.029522,0.0020824,,,2024-08-21
55,142,Cs,94,239,Pu,0,0.016254,0.0024844,0.011936,0.0023832,,,2024-08-21
55,143,Cs,94,239,Pu,0,0.0060638,0.0016147,0.0033534,0.0010122,,,2024-08-21
55,144,Cs,94,239,Pu,0,0.00086184,0.00022089,0.00032968,0.000086313,,,2024-08-21
55,145,Cs,94,239,Pu,0,0.00018108,0.000063848,0.000046498,0.000017242,,,2024-08-21
55,146,Cs,94,239,Pu,0,0.000015231,0.0000053766,0.0000025212,0.00000090633,,,2024-08-21
55,147,Cs,94,239,Pu,0,0.00000085183,0.00000030693,0.000000078694,0.000000029013,,,2024-08-21
55,148,Cs,94,239,Pu,0,0.0000000235,0.0000000087568,0.0000000012481,0.0000000004732,,,2024-08-21
55,149,Cs,94,239,Pu,0,0.0000000005295,0.00000000019106,0.00000000001465,0.0000000000054078,,,2024-08-21
55,150,Cs,94,239,Pu,0,0.0000000000059978,0.0000000000020967,,,,,2024-08-21
56,132,Ba,94,239,Pu,0,0.000000000053305,0.000000000019034,0.000000000051896,0.000000000018864,,,2024-08-21
56,133,Ba,94,239,Pu,0,0.000000000014883,0.0000000000043463,0.000000000010036,0.0000000000030038,,,2024-08-21
56,134,Ba,94,239,Pu,0,0.0000067445,0.0000017672,0.000011531,0.0000029794,,,2024-08-21
56,135,Ba,94,239,Pu,0,0.00000014007,0.000000038381,0.00000016194,0.000000046745,,,2024-08-21
56,136,Ba,94,239,Pu,0,0.00093643,0.00022362,0.0016125,0.00040082,,,2024-08-21
56,137,Ba,94,239,Pu,0,0.065935,0.00080107,0.063594,0.0012124,,,2024-08-21
56,138,Ba,94,239,Pu,0,0.061051,0.0016485,0.058241,0.0029703,,,2024-08-21
56,139,Ba,94,239,Pu,0,0.059669,0.00089531,0.05527,0.0028188,,,2024-08-21
56,140,Ba,94,239,Pu,0,0.05322,0.00058565,0.053035,0.00074293,,,2024-08-21
56,141,Ba,94,239,Pu,0,0.051242,0.00072437,0.048675,0.0015677,,,2024-08-21
56,142,Ba,94,239,Pu,0,0.046754,0.00060566,0.044922,0.0012673,,,2024-08-21
56,143,Ba,94,239,Pu,0,0.036224,0.00085543,0.030347,0.0011744,,,2024-08-21
56,144,Ba,94,239,Pu,0,0.023388,0.0012279,0.015903,0.0016683,,,2024-08-21
56,145,Ba,94,239,Pu,0,0.0085638,0.0015253,0.0042111,0.0011266,,,2024-08-21
56,146,Ba,94,239,Pu,0,0.0024896,0.00069945,0.00094467,0.00031039,,,2024-08-21
56,147,Ba,94,239,Pu,0,0.0003579,0.0001239,0.000086192,0.000031421,,,2024-08-21
56,148,Ba,94,239,Pu,0,0.000039554,0.000014658,0.0000065997,0.0000024994,,,2024-08-21
56,149,Ba,94,239,Pu,0,0.0000024192,0.00000087237,0.00000023412,0.000000086408,,,2024-08-21
56,150,Ba,94,239,Pu,0,0.00000011221,0.000000039223,0.0000000060946,0.0000000022345,,,2024-08-21
56,151,Ba,94,239,Pu,0,0.0000000025324,0.00000000089762,0.000000000070586,0.000000000026314,,,2024-08-21
56,152,Ba,94,239,Pu,0,0.000000000045396,0.000000000016332,,,,,2024-08-21
57,135,La,94,239,Pu,0,0.0000000000049345,0.0000000000017618,0.0000000000043808,0.000000000001613,,,2024-08-21
57,136,La,94,239,Pu,0,0.00000000041124,0.00000000010367,0.00000000049908,0.00000000013513,,,2024-08-21
57,137,La,94,239,Pu,0,0.000000022946,0.0000000083076,0.000000032741,0.000000011989,,,2024-08-21
57,138,La,94,239,Pu,0,0.0000005542,0.00000020946,0.00000090197,0.0000003441,,,2024-08-21
57,139,La,94,239,Pu,0,0.059681,0.00089546,0.055291,0.0028199,,,2024-08-21
57,140,La,94,239,Pu,0,0.053333,0.00058666,0.053244,0.00074542,,,2024-08-21
57,141,La,94,239,Pu,0,0.052048,0.00072867,0.050078,0.0016025,,,2024-08-21
57,142,La,94,239,Pu,0,0.049713,0.00054626,0.049828,0.0012955,,,2024-08-21
57,143,La,94,239,Pu,0,0.044447,0.0004906,0.042473,0.00055571,,,2024-08-21
57,144,La,94,239,Pu,0,0.035915,0.00034773,0.032604,0.00057615,,,2024-08-21
57,145,La,94,239,Pu,0,0.02578,0.00058132,0.024468,0.00076023,,,2024-08-21
57,146,La,94,239,Pu,0,0.0069834,0.0007854,0.0048405,0.00063607,,,2024-08-21
57,147,La,94,239,Pu,0,0.0070647,0.0010665,0.0047258,0.00096404,,,2024-08-21
57,148,La,94,239,Pu,0,0.001838,0.00053545,0.00094987,0.00031434,,,2024-08-21
57,149,La,94,239,Pu,0,0.00041268,0.00013864,0.00014913,0.000053486,,,2024-08-21
57,150,La,94,239,Pu,0,0.000049988,0.00001726,0.000011359,0.0000041509,,,2024-08-21
57,151,La,94,239,Pu,0,0.0000045121,0.0000015966,0.00000062976,0.0000002347,,,2024-08-21
57,152,La,94,239,Pu,0,0.00000021538,0.000000077462,0.00000001675,0.0000000066771,,,2024-08-21
57,153,La,94,239,Pu,0,0.0000000068418,0.0000000025259,0.00000000030448,0.00000000020733,,,2024-08-21
57,154,La,94,239,Pu,0,0.00000000012646,0.000000000045241,0.000000000002767,0.0000000000012134,,,2024-08-21
57,155,La,94,239,Pu,0,0.0000000000015242,0.00000000000063644,,,,,2024-08-21
58,138,Ce,94,239,Pu,0,0.000000000069613,0.000000000020085,0.000000000068205,0.000000000020393,,,2024-08-21
58,139,Ce,94,239,Pu,0,0.0000000041987,0.0000000011709,0.0000000048835,0.0000000013943,,,2024-08-21
58,140,Ce,94,239,Pu,0,0.053333,0.00058666,0.053244,0.00074542,,,2024-08-21
58,141,Ce,94,239,Pu,0,0.052051,0.00072871,0.050082,0.0016026,,,2024-08-21
58,142,Ce,94,239,Pu,0,0.049755,0.00054626,0.049898,0.0012958,,,2024-08-21
58,143,Ce,94,239,Pu,0,0.044755,0.00049237,0.042964,0.00055856,,,2024-08-21
58,144,Ce,94,239,Pu,0,0.037549,0.0003004,0.035039,0.00052559,,,2024-08-21
58,145,Ce,94,239,Pu,0,0.030288,0.00033335,0.030227,0.00066519,,,2024-08-21
58,146,Ce,94,239,Pu,0,0.024606,0.00024919,0.02458,0.00052171,,,2024-08-21
58,147,Ce,94,239,Pu,0,0.018969,0.00039928,0.016905,0.00047806,,,2024-08-21
58,148,Ce,94,239,Pu,0,0.013456,0.00028861,0.01232,0.0004447,,,2024-08-21
58,149,Ce,94,239,Pu,0,0.0069159,0.00053748,0.0047589,0.00069682,,,2024-08-21
58,150,Ce,94,239,Pu,0,0.0028489,0.00050515,0.001456,0.0003783,,,2024-08-21
58,151,Ce,94,239,Pu,0,0.00062774,0.00018987,0.00021472,0.000074994,,,2024-08-21
58,152,Ce,94,239,Pu,0,0.00011159,0.000038834,0.000025258,0.000009966,,,2024-08-21
58,153,Ce,94,239,Pu,0,0.0000092005,0.0000033824,0.0000013198,0.00000089815,,,2024-08-21
58,154,Ce,94,239,Pu,0,0.00000066873,0.00000023911,0.000000056051,0.000000024577,,,2024-08-21
58,155,Ce,94,239,Pu,0,0.000000021582,0.0000000090109,0.00000000099517,0.00000000054357,,,2024-08-21
58,156,Ce,94,239,Pu,0,0.00000000056503,0.00000000020735,0.000000000016455,0.0000000000061746,,,2024-08-21
58,157,Ce,94,239,Pu,0,0.000000000008705,0.0000000000033759,,,,,2024-08-21
59,140,Pr,94,239,Pu,0,0.0000000000051047,0.0000000000018172,0.0000000000059456,0.0000000000021478,,,2024-08-21
59,141,Pr,94,239,Pu,0,0.052051,0.00072871,0.050082,0.0016026,,,2024-08-21
59,142,Pr,94,239,Pu,0,0.000000014472,0.0000000039565,0.000000025085,0.0000000071575,,,2024-08-21
59,143,Pr,94,239,Pu,0,0.044756,0.00049238,0.042965,0.00055857,,,2024-08-21
59,144,Pr,94,239,Pu,0,0.037555,0.00030044,0.035051,0.00052577,,,2024-08-21
59,145,Pr,94,239,Pu,0,0.030357,0.00033394,0.030367,0.00066807,,,2024-08-21
59,146,Pr,94,239,Pu,0,0.024962,0.00024962,0.025265,0.00053057,,,2024-08-21
59,147,Pr,94,239,Pu,0,0.020419,0.00038797,0.01926,0.00046225,,,2024-08-21
59,148,Pr,94,239,Pu,0,0.0024143,0.00065433,0.0036427,0.00084687,,,2024-08-21
59,149,Pr,94,239,Pu,0,0.012049,0.00030978,0.01186,0.00053305,,,2024-08-21
59,150,Pr,94,239,Pu,0,0.0078743,0.00023835,0.007716,0.00027026,,,2024-08-21
59,151,Pr,94,239,Pu,0,0.0044813,0.00031633,0.0042578,0.00039553,,,2024-08-21
59,152,Pr,94,239,Pu,0,0.0017087,0.0003311,0.0011877,0.00030548,,,2024-08-21
59,153,Pr,94,239,Pu,0,0.00048305,0.00014461,0.00025188,0.00015827,,,2024-08-21
59,154,Pr,94,239,Pu,0,0.000087827,0.000029791,0.000028349,0.000012183,,,2024-08-21
59,155,Pr,94,239,Pu,0,0.000010804,0.000004472,0.0000022743,0.0000012396,,,2024-08-21
59,156,Pr,94,239,Pu,0,0.00000073156,0.00000026799,0.00000010751,0.000000040327,,,2024-08-21
59,157,Pr,94,239,Pu,0,0.000000043328,0.000000016798,0.0000000045824,0.0000000017022,,,2024-08-21
59,158,Pr,94,239,Pu,0,0.0000000010422,0.00000000044514,0.000000000057841,0.000000000026798,,,2024-08-21
59,159,Pr,94,239,Pu,0,0.000000000021492,0.0000000000082037,,,,,2024-08-21
60,142,Nd,94,239,Pu,0,0.00000001447,0.0000000039559,0.000000025081,0.0000000071563,,,2024-08-21
60,143,Nd,94,239,Pu,0,0.044756,0.00049238,0.042965,0.00055857,,,2024-08-21
60,144,Nd,94,239,Pu,0,0.037555,0.00030044,0.035052,0.00052578,,,2024-08-21
60,145,Nd,94,239,Pu,0,0.030357,0.00033394,0.030367,0.00066807,,,2024-08-21
60,146,Nd,94,239,Pu,0,0.024963,0.00024963,0.025268,0.00053063,,,2024-08-21
60,147,Nd,94,239,Pu,0,0.020436,0.00038829,0.01929,0.00046296,,,2024-08-21
60,148,Nd,94,239,Pu,0,0.016583,0.00016583,0.016965,0.00028832,,,2024-08-21
60,149,Nd,94,239,Pu,0,0.012623,0.00031558,0.012745,0.0005608,,,2024-08-21
60,150,Nd,94,239,Pu,0,0.0097463,0.00012674,0.010055,0.00019115,,,2024-08-21
60,151,Nd,94,239,Pu,0,0.0076162,0.00017604,0.007684,0.00035538,,,2024-08-21
60,152,Nd,94,239,Pu,0,0.0056431,0.00017086,0.0054743,0.00042719,,,2024-08-21
60,153,Nd,94,239,Pu,0,0.0028513,0.00024531,0.0028499,0.001305,,,2024-08-21
60,154,Nd,94,239,Pu,0,0.0014898,0.0001388,0.0011342,0.00026419,,,2024-08-21
60,155,Nd,94,239,Pu,0,0.0004373,0.00012995,0.00021887,0.00010191,,,2024-08-21
60,156,Nd,94,239,Pu,0,0.00010802,0.000033671,0.000042516,0.000014954,,,2024-08-21
60,157,Nd,94,239,Pu,0,0.00001591,0.0000059773,0.0000049036,0.0000018042,,,2024-08-21
60,158,Nd,94,239,Pu,0,0.0000014296,0.00000060755,0.00000027345,0.00000012658,,,2024-08-21
60,159,Nd,94,239,Pu,0,0.000000074664,0.000000028478,0.0000000083537,0.0000000036748,,,2024-08-21
60,160,Nd,94,239,Pu,0,0.0000000028774,0.0000000011877,0.00000000019096,0.00000000008175,,,2024-08-21
60,161,Nd,94,239,Pu,0,0.000000000054484,0.000000000020745,0.0000000000019372,0.00000000000074632,,,2024-08-21
61,145,Pm,94,239,Pu,0,0.0000000000030546,0.0000000000010943,0.0000000000044103,0.0000000000016427,,,2024-08-21
61,146,Pm,94,239,Pu,0,0.00000000016568,0.000000000058607,0.00000000029582,0.00000000010638,,,2024-08-21
61,147,Pm,94,239,Pu,0,0.020436,0.00038829,0.01929,0.00046296,,,2024-08-21
61,148,Pm,94,239,Pu,0,0.000000056229,0.000000018886,0.00000011979,0.000000040353,,,2024-08-21
61,149,Pm,94,239,Pu,0,0.012626,0.00031565,0.012752,0.000561,,,2024-08-21
61,150,Pm,94,239,Pu,0,0.000022621,0.0000078478,0.00005133,0.000018866,,,2024-08-21
61,151,Pm,94,239,Pu,0,0.0077566,0.0001784,0.0079647,0.00036638,,,2024-08-21
61,152,Pm,94,239,Pu,0,0.005726,0.00017076,0.0055874,0.00043411,,,2024-08-21
61,153,Pm,94,239,Pu,0,0.0037736,0.00029813,0.0039011,0.0017711,,,2024-08-21
61,154,Pm,94,239,Pu,0,0.0005919,0.00010135,0.00065505,0.00016662,,,2024-08-21
61,155,Pm,94,239,Pu,0,0.0014631,0.00025331,0.0013038,0.00041393,,,2024-08-21
61,156,Pm,94,239,Pu,0,0.00063,0.000064015,0.00057057,0.000081771,,,2024-08-21
61,157,Pm,94,239,Pu,0,0.00026627,0.000054663,0.00024472,0.000057164,,,2024-08-21
61,158,Pm,94,239,Pu,0,0.000053554,0.000018739,0.000034401,0.00001458,,,2024-08-21
61,159,Pm,94,239,Pu,0,0.000009725,0.0000034301,0.0000043886,0.0000018882,,,2024-08-21
61,160,Pm,94,239,Pu,0,0.00000091615,0.00000037261,0.00000027166,0.00000011593,,,2024-08-21
61,161,Pm,94,239,Pu,0,0.000000064471,0.000000024478,0.000000012133,0.0000000046723,,,2024-08-21
61,162,Pm,94,239,Pu,0,0.0000000024853,0.0000000010441,0.00000000027925,0.00000000011945,,,2024-08-21
61,163,Pm,94,239,Pu,0,0.000000000077203,0.000000000032684,0.0000000000052158,0.0000000000021989,,,2024-08-21
62,146,Sm,94,239,Pu,0,0.000000000056331,0.000000000019927,0.00000000010058,0.00000000003617,,,2024-08-21
62,147,Sm,94,239,Pu,0,0.020436,0.00038829,0.01929,0.00046296,,,2024-08-21
62,148,Sm,94,239,Pu,0,0.00000016825,0.000000045822,0.00000039281,0.00000011118,,,2024-08-21
62,149,Sm,94,239,Pu,0,0.012626,0.00031565,0.012752,0.000561,,,2024-08-21
62,150,Sm,94,239,Pu,0,0.000022653,0.0000078478,0.000051396,0.000018866,,,2024-08-21
62,151,Sm,94,239,Pu,0,0.0077571,0.00017841,0.0079659,0.00036643,,,2024-08-21
62,152,Sm,94,239,Pu,0,0.0060805,0.00017634,0.0061479,0.00047338,,,2024-08-21
62,153,Sm,94,239,Pu,0,0.0038033,0.00030044,0.0039582,0.0017969,,,2024-08-21
62,154,Sm,94,239,Pu,0,0.0028079,0.00011793,0.0026695,0.00049385,,,2024-08-21
62,155,Sm,94,239,Pu,0,0.0017366,0.00029697,0.0016959,0.00053253,,,2024-08-21
62,156,Sm,94,239,Pu,0,0.0010828,0.000070414,0.0012312,0.000086371,,,2024-08-21
62,157,Sm,94,239,Pu,0,0.00071758,0.000077103,0.00090679,0.000047261,,,2024-08-21
62,158,Sm,94,239,Pu,0,0.00034532,0.000055723,0.00037659,0.000080876,,,2024-08-21
62,159,Sm,94,239,Pu,0,0.00012561,0.000015119,0.00010731,0.000027532,,,2024-08-21
62,160,Sm,94,239,Pu,0,0.000037386,0.0000088953,0.000025343,0.0000083888,,,2024-08-21
62,161,Sm,94,239,Pu,0,0.0000060641,0.0000018649,0.0000029033,0.0000010432,,,2024-08-21
62,162,Sm,94,239,Pu,0,0.00000083227,0.00000033238,0.00000028351,0.00000011983,,,2024-08-21
62,163,Sm,94,239,Pu,0,0.000000063891,0.000000026813,0.000000014468,0.0000000060904,,,2024-08-21
62,164,Sm,94,239,Pu,0,0.0000000037673,0.0000000015918,0.00000000054646,0.00000000022844,,,2024-08-21
62,165,Sm,94,239,Pu,0,0.00000000012408,0.000000000051568,0.0000000000098008,0.0000000000041398,,,2024-08-21
63,151,Eu,94,239,Pu,0,0.0077571,0.00017841,0.0079659,0.00036643,,,2024-08-21
63,152,Eu,94,239,Pu,0,0.0000000019533,0.00000000049924,0.0000000048404,0.0000000014022,,,2024-08-21
63,153,Eu,94,239,Pu,0,0.0038033,0.00030044,0.0039583,0.0017969,,,2024-08-21
63,154,Eu,94,239,Pu,0,0.00000048984,0.00000012489,0.0000012747,0.00000042904,,,2024-08-21
63,155,Eu,94,239,Pu,0,0.0017404,0.00029754,0.0017053,0.00053537,,,2024-08-21
63,156,Eu,94,239,Pu,0,0.0010974,0.000071305,0.0012699,0.000088889,,,2024-08-21
63,157,Eu,94,239,Pu,0,0.00076612,0.000081975,0.0010466,0.000051282,,,2024-08-21
63,158,Eu,94,239,Pu,0,0.00041261,0.000065606,0.00053391,0.00010999,,,2024-08-21
63,159,Eu,94,239,Pu,0,0.00020762,0.000019128,0.00026885,0.000048486,,,2024-08-21
63,160,Eu,94,239,Pu,0,0.000090429,0.00001393,0.00011101,0.000019017,,,2024-08-21
63,161,Eu,94,239,Pu,0,0.000033252,0.0000035749,0.000038598,0.0000050706,,,2024-08-21
63,162,Eu,94,239,Pu,0,0.0000090221,0.0000020782,0.0000086433,0.0000025296,,,2024-08-21
63,163,Eu,94,239,Pu,0,0.0000021909,0.0000006871,0.0000017263,0.00000062718,,,2024-08-21
63,164,Eu,94,239,Pu,0,0.00000030054,0.00000011607,0.00000016998,0.000000068848,,,2024-08-21
63,165,Eu,94,239,Pu,0,0.00000003552,0.000000014408,0.000000013073,0.000000005492,,,2024-08-21
63,166,Eu,94,239,Pu,0,0.0000000021645,0.00000000089026,0.00000000049633,0.00000000020684,,,2024-08-21
63,167,Eu,94,239,Pu,0,0.000000000097709,0.000000000040691,0.000000000014112,0.0000000000059166,,,2024-08-21
64,152,Gd,94,239,Pu,0,0.00000000070331,0.00000000015097,0.0000000016931,0.00000000042093,,,2024-08-21
64,153,Gd,94,239,Pu,0,0.0000000000044171,0.0000000000016308,0.0000000000084644,0.0000000000057637,,,2024-08-21
64,154,Gd,94,239,Pu,0,0.00000048994,0.00000012487,0.0000012749,0.000000429,,,2024-08-21
64,155,Gd,94,239,Pu,0,0.0017404,0.00029754,0.0017053,0.00053537,,,2024-08-21
64,156,Gd,94,239,Pu,0,0.0010975,0.000071305,0.00127,0.0000889,,,2024-08-21
64,157,Gd,94,239,Pu,0,0.00076662,0.000082026,0.0010482,0.000051352,,,2024-08-21
64,158,Gd,94,239,Pu,0,0.00041506,0.000065995,0.00054116,0.00011148,,,2024-08-21
64,159,Gd,94,239,Pu,0,0.00021441,0.000019725,0.00028628,0.00005153,,,2024-08-21
64,160,Gd,94,239,Pu,0,0.00010464,0.000015906,0.00014379,0.00002387,,,2024-08-21
64,161,Gd,94,239,Pu,0,0.000048539,0.0000045146,0.000067954,0.0000065288,,,2024-08-21
64,162,Gd,94,239,Pu,0,0.000023082,0.0000034891,0.000032066,0.0000049617,,,2024-08-21
64,163,Gd,94,239,Pu,0,0.0000097314,0.0000014794,0.000012267,0.000001981,,,2024-08-21
64,164,Gd,94,239,Pu,0,0.0000036192,0.00000058313,0.0000040117,0.0000007925,,,2024-08-21
64,165,Gd,94,239,Pu,0,0.00000091113,0.00000020495,0.00000073595,0.00000023081,,,2024-08-21
64,166,Gd,94,239,Pu,0,0.00000018569,0.00000005768,0.00000011251,0.000000042495,,,2024-08-21
64,167,Gd,94,239,Pu,0,0.000000019917,0.0000000077192,0.0000000084598,0.0000000034848,,,2024-08-21
64,168,Gd,94,239,Pu,0,0.0000000016544,0.00000000069656,0.00000000048126,0.0000000002047,,,2024-08-21
64,169,Gd,94,239,Pu,0,0.000000000080168,0.000000000033742,0.000000000014233,0.0000000000059462,,,2024-08-21
65,156,Tb,94,239,Pu,0,0.0000000000060966,0.0000000000014935,0.000000000018622,0.0000000000047871,,,2024-08-21
65,157,Tb,94,239,Pu,0,0.00000000019361,0.000000000075085,0.00000000080013,0.00000000029722,,,2024-08-21
65,158,Tb,94,239,Pu,0,0.0000000024209,0.00000000094998,0.0000000098879,0.0000000042726,,,2024-08-21
65,159,Tb,94,239,Pu,0,0.00021444,0.000019725,0.00028638,0.000051548,,,2024-08-21
65,160,Tb,94,239,Pu,0,0.00000012472,0.000000051399,0.0000004842,0.00000020636,,,2024-08-21
65,161,Tb,94,239,Pu,0,0.000049004,0.000004557,0.000069637,0.0000066852,,,2024-08-21
65,162,Tb,94,239,Pu,0,0.000024039,0.0000036299,0.000035162,0.000005415,,,2024-08-21
65,163,Tb,94,239,Pu,0,0.000011368,0.0000017052,0.000017138,0.000002605,,,2024-08-21
65,164,Tb,94,239,Pu,0,0.0000051152,0.00000076751,0.0000078011,0.00000118,,,2024-08-21
65,165,Tb,94,239,Pu,0,0.0000021146,0.00000031897,0.0000031801,0.00000048455,,,2024-08-21
65,166,Tb,94,239,Pu,0,0.00000071069,0.00000011341,0.00000095911,0.00000017016,,,2024-08-21
65,167,Tb,94,239,Pu,0,0.00000020129,0.000000039313,0.00000024855,0.000000060953,,,2024-08-21
65,168,Tb,94,239,Pu,0,0.00000003567,0.000000010779,0.00000003452,0.000000012371,,,2024-08-21
65,169,Tb,94,239,Pu,0,0.0000000058097,0.0000000021303,0.0000000041811,0.0000000016604,,,2024-08-21
65,170,Tb,94,239,Pu,0,0.00000000051125,0.0000000002064,0.00000000024872,0.00000000010298,,,2024-08-21
65,171,Tb,94,239,Pu,0,0.00000000003611,0.000000000014934,0.000000000010931,0.0000000000045895,,,2024-08-21
66,158,Dy,94,239,Pu,0,0.00000000040334,0.00000000015779,0.0000000016467,0.00000000070978,,,2024-08-21
66,159,Dy,94,239,Pu,0,0.0000000000067016,0.0000000000025581,0.000000000022461,0.0000000000098809,,,2024-08-21
66,160,Dy,94,239,Pu,0,0.00000012485,0.000000051406,0.00000048467,0.00000020639,,,2024-08-21
66,161,Dy,94,239,Pu,0,0.000049005,0.000004557,0.000069642,0.0000066854,,,2024-08-21
66,162,Dy,94,239,Pu,0,0.000024048,0.0000036313,0.000035196,0.0000054202,,,2024-08-21
66,163,Dy,94,239,Pu,0,0.000011405,0.00000171,0.000017272,0.000002625,,,2024-08-21
66,164,Dy,94,239,Pu,0,0.0000052298,0.00000078448,0.0000082005,0.0000012383,,,2024-08-21
66,165,Dy,94,239,Pu,0,0.000002317,0.00000034756,0.0000037597,0.00000056395,,,2024-08-21
66,166,Dy,94,239,Pu,0,0.00000098923,0.00000014839,0.0000016533,0.00000024802,,,2024-08-21
66,167,Dy,94,239,Pu,0,0.00000039972,0.000000059996,0.00000066812,0.00000010062,,,2024-08-21
66,168,Dy,94,239,Pu,0,0.0000001494,0.000000022535,0.00000024079,0.000000037065,,,2024-08-21
66,169,Dy,94,239,Pu,0,0.0000000461,0.0000000073186,0.000000061755,0.000000011861,,,2024-08-21
66,170,Dy,94,239,Pu,0,0.000000012186,0.0000000023318,0.000000013447,0.0000000036348,,,2024-08-21
66,171,Dy,94,239,Pu,0,0.0000000019174,0.00000000056847,0.0000000014799,0.00000000055049,,,2024-08-21
66,172,Dy,94,239,Pu,0,0.00000000023659,0.000000000087939,0.00000000013142,0.000000000053828,,,2024-08-21
66,173,Dy,94,239,Pu,0,0.000000000015847,0.0000000000065304,0.000000000005986,0.000000000002514,,,2024-08-21
67,162,Ho,94,239,Pu,0,0.0000000000015506,0.00000000000049593,0.000000000007256,0.0000000000023909,,,2024-08-21
67,163,Ho,94,239,Pu,0,0.000000000032453,0.00000000001228,0.00000000017308,0.000000000066056,,,2024-08-21
67,164,Ho,94,239,Pu,0,0.0000000002524,0.000000000084956,0.0000000013675,0.00000000046385,,,2024-08-21
67,165,Ho,94,239,Pu,0,0.0000023193,0.00000034785,0.0000037694,0.00000056535,,,2024-08-21
67,166,Ho,94,239,Pu,0,0.0000009908,0.00000014862,0.0000016597,0.00000024898,,,2024-08-21
67,167,Ho,94,239,Pu,0,0.00000041225,0.000000061838,0.00000072255,0.00000010838,,,2024-08-21
67,168,Ho,94,239,Pu,0,0.00000016495,0.000000024742,0.00000029995,0.000000044992,,,2024-08-21
67,169,Ho,94,239,Pu,0,0.000000063272,0.0000000094917,0.00000011831,0.000000017758,,,2024-08-21
67,170,Ho,94,239,Pu,0,0.0000000071629,0.0000000017386,0.000000020293,0.0000000039552,,,2024-08-21
67,171,Ho,94,239,Pu,0,0.0000000069781,0.000000001076,0.000000012355,0.0000000020031,,,2024-08-21
67,172,Ho,94,239,Pu,0,0.0000000015923,0.000000000297,0.0000000023965,0.00000000057131,,,2024-08-21
67,173,Ho,94,239,Pu,0,0.00000000031538,0.000000000081893,0.00000000041024,0.00000000013296,,,2024-08-21
67,174,Ho,94,239,Pu,0,0.000000000035813,0.000000000013183,0.000000000035076,0.000000000013885,,,2024-08-21
67,175,Ho,94,239,Pu,0,0.0000000000038131,0.0000000000015131,0.0000000000024848,0.0000000000010318,,,2024-08-21
68,164,Er,94,239,Pu,0,0.00000000013049,0.000000000043923,0.000000000707,0.00000000023982,,,2024-08-21
68,166,Er,94,239,Pu,0,0.00000099081,0.00000014862,0.0000016598,0.00000024899,,,2024-08-21
68,167,Er,94,239,Pu,0,0.00000041232,0.000000061845,0.00000072291,0.00000010844,,,2024-08-21
68,168,Er,94,239,Pu,0,0.00000016531,0.000000024795,0.00000030171,0.000000045255,,,2024-08-21
68,169,Er,94,239,Pu,0,0.000000064086,0.000000009613,0.00000012195,0.000000018292,,,2024-08-21
68,170,Er,94,239,Pu,0,0.000000024014,0.0000000036022,0.000000047689,0.0000000071534,,,2024-08-21
68,171,Er,94,239,Pu,0,0.0000000086801,0.000000001302,0.000000017918,0.0000000026879,,,2024-08-21
68,172,Er,94,239,Pu,0,0.0000000029964,0.00000000044956,0.0000000063343,0.0000000009516,,,2024-08-21
68,173,Er,94,239,Pu,0,0.00000000095223,0.00000000014344,0.0000000019271,0.00000000029565,,,2024-08-21
68,174,Er,94,239,Pu,0,0.00000000027177,0.000000000041789,0.00000000050734,0.000000000086078,,,2024-08-21
68,175,Er,94,239,Pu,0,0.000000000058104,0.000000000010686,0.000000000082047,0.000000000021592,,,2024-08-21
68,176,Er,94,239,Pu,0,0.000000000010078,0.0000000000026079,0.000000000011093,0.0000000000038555,,,2024-08-21
69,169,Tm,94,239,Pu,0,0.000000064088,0.0000000096132,0.00000012196,0.000000018294,,,2024-08-21
69,170,Tm,94,239,Pu,0,0.0000000000078052,0.0000000000032449,0.00000000005493,0.000000000022872,,,2024-08-21
69,171,Tm,94,239,Pu,0,0.0000000087093,0.0000000013064,0.000000018105,0.000000002715,,,2024-08-21
69,172,Tm,94,239,Pu,0,0.0000000030516,0.00000000045774,0.0000000066479,0.00000000099719,,,2024-08-21
69,173,Tm,94,239,Pu,0,0.0000000010339,0.00000000015509,0.0000000023592,0.00000000035388,,,2024-08-21
69,174,Tm,94,239,Pu,0,0.00000000033569,0.000000000050356,0.00000000079714,0.00000000011961,,,2024-08-21
69,175,Tm,94,239,Pu,0,0.0000000001031,0.000000000015484,0.00000000024803,0.000000000037402,,,2024-08-21
69,176,Tm,94,239,Pu,0,0.000000000027277,0.0000000000041566,0.000000000061713,0.0000000000099033,,,2024-08-21
69,177,Tm,94,239,Pu,0,0.000000000005223,0.00000000000096649,0.000000000012365,0.0000000000026006,,,2024-08-21
70,170,Yb,94,239,Pu,0,0.000000000007795,0.0000000000032406,0.000000000054858,0.000000000022842,,,2024-08-21
70,171,Yb,94,239,Pu,0,0.0000000087093,0.0000000013064,0.000000018105,0.000000002715,,,2024-08-21
70,172,Yb,94,239,Pu,0,0.0000000030516,0.00000000045774,0.0000000066499,0.00000000099748,,,2024-08-21
70,173,Yb,94,239,Pu,0,0.000000001035,0.00000000015525,0.0000000023661,0.0000000003549,,,2024-08-21
70,174,Yb,94,239,Pu,0,0.00000000033848,0.000000000050771,0.00000000081521,0.00000000012228,,,2024-08-21
70,175,Yb,94,239,Pu,0,0.00000000010753,0.000000000016129,0.00000000027204,0.000000000040805,,,2024-08-21
70,176,Yb,94,239,Pu,0,0.000000000030998,0.0000000000046237,0.000000000082603,0.000000000012405,,,2024-08-21
70,177,Yb,94,239,Pu,0,0.000000000008667,0.0000000000013109,0.000000000025792,0.0000000000038793,,,2024-08-21
70,178,Yb,94,239,Pu,0,0.0000000000017293,0.00000000000028853,0.0000000000073017,0.000000000001099,,,2024-08-21
71,175,Lu,94,239,Pu,0,0.00000000010753,0.000000000016129,0.00000000027204,0.000000000040805,,,2024-08-21
71,176,Lu,94,239,Pu,0,0.0000000000017131,0.00000000000036763,0.0000000000048272,0.0000000000010494,,,2024-08-21
71,177,Lu,94,239,Pu,0,0.000000000008667,0.0000000000013109,0.000000000026564,0.0000000000039879,,,2024-08-21
71,178,Lu,94,239,Pu,0,0.0000000000017293,0.00000000000028853,0.0000000000077356,0.0000000000011564,,,2024-08-21
72,177,Hf,94,239,Pu,0,0.000000000008667,0.0000000000013109,0.000000000026835,0.000000000004027,,,2024-08-21
24,58,Cr,94,239,Pu,0,,,0.0000000000014051,0.00000000000023504,,,2024-08-21
24,64,Cr,94,239,Pu,0,,,0.0000000000054749,0.0000000000023287,,,2024-08-21
24,65,Cr,94,239,Pu,0,,,0.0000000000012485,0.00000000000052184,,,2024-08-21
25,58,Mn,94,239,Pu,0,,,0.0000000000014051,0.00000000000023504,,,2024-08-21
25,68,Mn,94,239,Pu,0,,,0.0000000000072326,0.0000000000030321,,,2024-08-21
26,58,Fe,94,239,Pu,0,,,0.0000000000014051,0.00000000000023504,,,2024-08-21
26,72,Fe,94,239,Pu,0,,,0.0000000000036161,0.0000000000015081,,,2024-08-21
63,150,Eu,94,239,Pu,0,,,0.0000000000017177,0.00000000000062977,,,2024-08-21
68,165,Er,94,239,Pu,0,,,0.0000000000047182,0.000000000001993,,,2024-08-21
69,168,Tm,94,239,Pu,0,,,0.000000000001194,0.00000000000050897,,,2024-08-21
69,178,Tm,94,239,Pu,0,,,0.0000000000015494,0.00000000000050429,,,2024-08-21
70,179,Yb,94,239,Pu,0,,,0.0000000000014018,0.00000000000025019,,,2024-08-21
71,179,Lu,94,239,Pu,0,,,0.0000000000014018,0.00000000000025019,,,2024-08-21
72,178,Hf,94,239,Pu,0,,,0.0000000000083169,0.0000000000012392,,,2024-08-21
25,60,Mn,94,239,Pu,1,0.0000000000027318,0.00000000000056786,0.0000000000093472,0.0000000000021427,,,2024-08-21
25,62,Mn,94,239,Pu,1,0.0000000000056848,0.0000000000014728,0.00000000002883,0.0000000000066831,,,2024-08-21
27,62,Co,94,239,Pu,1,0.0000000000013547,0.0000000000005477,0.0000000000017572,0.00000000000072397,,,2024-08-21
27,70,Co,94,239,Pu,1,0.0000000032895,0.0000000013185,0.000000019221,0.0000000075813,,,2024-08-21
28,69,Ni,94,239,Pu,1,0.000000028755,0.0000000057717,0.000000087035,0.000000017664,,,2024-08-21
29,70,Cu,94,239,Pu,1,0.000000075547,0.000000017235,0.00000019727,0.000000048772,,,2024-08-21
29,76,Cu,94,239,Pu,1,0.00000017784,0.00000007272,0.00000060309,0.00000024632,,,2024-08-21
30,69,Zn,94,239,Pu,1,0.00000000058848,0.00000000024639,0.00000000041353,0.00000000017382,,,2024-08-21
30,71,Zn,94,239,Pu,1,0.000000062497,0.000000021355,0.000000084697,0.000000032652,,,2024-08-21
30,73,Zn,94,239,Pu,1,0.0000012811,0.0000002491,0.0000026002,0.00000060513,,,2024-08-21
32,77,Ge,94,239,Pu,1,0.00005647,0.0000068253,0.00010672,0.000017162,,,2024-08-21
32,79,Ge,94,239,Pu,1,0.00031557,0.000058693,0.00022656,0.000046036,,,2024-08-21
32,81,Ge,94,239,Pu,1,0.00012549,0.000038989,0.00010562,0.000031655,,,2024-08-21
33,82,As,94,239,Pu,1,0.00084777,0.00019805,0.0010594,0.00027349,,,2024-08-21
34,77,Se,94,239,Pu,1,0.0000000013307,0.00000000052132,0.00000000017365,0.000000000073188,,,2024-08-21
34,79,Se,94,239,Pu,1,0.00053577,0.000088959,0.00041896,0.000074589,,,2024-08-21
34,81,Se,94,239,Pu,1,0.00021888,0.000064253,0.000097925,0.000027939,,,2024-08-21
34,83,Se,94,239,Pu,1,0.00098471,0.00011526,0.0015064,0.00017761,,,2024-08-21
35,79,Br,94,239,Pu,1,0.0000000011406,0.00000000049559,0.000000000073256,0.000000000030661,,,2024-08-21
35,82,Br,94,239,Pu,1,0.0000052327,0.0000022295,0.0000014883,0.00000062828,,,2024-08-21
35,84,Br,94,239,Pu,1,0.00030233,0.00009829,0.00022583,0.000075265,,,2024-08-21
36,85,Kr,94,239,Pu,1,0.0057569,0.00025994,0.0061671,0.00048756,,,2024-08-21
37,82,Rb,94,239,Pu,1,0.0000000000025469,0.0000000000010928,,,,,2024-08-21
38,87,Sr,94,239,Pu,1,0.000000040851,0.00000001482,0.0000000045916,0.000000001652,,,2024-08-21
39,87,Y,94,239,Pu,1,0.000000000015814,0.0000000000057399,,,,,2024-08-21
39,89,Y,94,239,Pu,1,0.0000016861,0.00000017431,0.0000016582,0.00000019567,,,2024-08-21
39,91,Y,94,239,Pu,1,0.014378,0.00073838,0.015177,0.00096816,,,2024-08-21
39,97,Y,94,239,Pu,1,0.024601,0.0016258,0.026686,0.0012635,,,2024-08-21
41,92,Nb,94,239,Pu,1,0.000000000027338,0.0000000000096023,0.0000000000012384,0.0000000000004438,,,2024-08-21
41,93,Nb,94,239,Pu,1,0.000000001052,0.00000000037332,0.000000000084643,0.000000000030681,,,2024-08-21
41,94,Nb,94,239,Pu,1,0.000000069596,0.00000002565,0.0000000095743,0.0000000034998,,,2024-08-21
41,95,Nb,94,239,Pu,1,0.00053547,0.00006554,0.00050604,0.000062418,,,2024-08-21
41,97,Nb,94,239,Pu,1,0.049969,0.00073633,0.047567,0.00073118,,,2024-08-21
41,98,Nb,94,239,Pu,1,0.0016978,0.00063533,0.0010494,0.00037103,,,2024-08-21
41,99,Nb,94,239,Pu,1,0.021156,0.0015102,0.020122,0.0016133,,,2024-08-21
41,102,Nb,94,239,Pu,1,0.016051,0.0024816,0.019911,0.0033903,,,2024-08-21
43,97,Tc,94,239,Pu,1,0.000000000017855,0.0000000000063576,,,,,2024-08-21
43,102,Tc,94,239,Pu,1,0.00016292,0.000061078,0.000086895,0.000034412,,,2024-08-21
45,103,Rh,94,239,Pu,1,0.068649,0.00082987,0.065086,0.0015651,,,2024-08-21
45,105,Rh,94,239,Pu,1,0.01635,0.0014551,0.014994,0.0012667,,,2024-08-21
45,106,Rh,94,239,Pu,1,0.000019297,0.0000070379,0.0000069412,0.0000026405,,,2024-08-21
45,116,Rh,94,239,Pu,1,0.000034629,0.000010932,0.000035592,0.000013007,,,2024-08-21
46,115,Pd,94,239,Pu,1,0.00015682,0.000015745,0.00035958,0.000039889,,,2024-08-21
47,107,Ag,94,239,Pu,1,0.000000000028343,0.000000000010749,0.0000000000019781,0.00000000000094532,,,2024-08-21
47,109,Ag,94,239,Pu,1,0.016724,0.0027427,0.014296,0.0028878,,,2024-08-21
47,111,Ag,94,239,Pu,1,0.003056,0.000073387,0.0040601,0.0001949,,,2024-08-21
47,113,Ag,94,239,Pu,1,0.00077558,0.000039721,0.0012305,0.00016994,,,2024-08-21
47,115,Ag,94,239,Pu,1,0.00022636,0.00001555,0.00050417,0.000044852,,,2024-08-21
47,116,Ag,94,239,Pu,1,0.000091314,0.000021396,0.00014415,0.000037696,,,2024-08-21
47,117,Ag,94,239,Pu,1,0.00030275,0.000021324,0.0003723,0.000080805,,,2024-08-21
47,122,Ag,94,239,Pu,1,0.0000082061,0.0000029178,0.0000051698,0.0000021276,,,2024-08-21
47,124,Ag,94,239,Pu,1,0.00000024371,0.000000089227,0.000000090826,0.000000038003,,,2024-08-21
48,113,Cd,94,239,Pu,1,0.0000091797,0.0000010349,0.000014563,0.0000026138,,,2024-08-21
48,115,Cd,94,239,Pu,1,0.000016225,0.0000015831,0.000033531,0.0000037617,,,2024-08-21
48,125,Cd,94,239,Pu,1,0.0000079806,0.0000031323,0.0000066061,0.0000026702,,,2024-08-21
48,129,Cd,94,239,Pu,1,0.0000077901,0.0000027847,0.0000020658,0.0000007358,,,2024-08-21
49,114,In,94,239,Pu,1,0.000000000005371,0.0000000000014056,0.0000000000048816,0.0000000000014827,,,2024-08-21
49,115,In,94,239,Pu,1,0.00034808,0.000018838,0.00073319,0.000058712,,,2024-08-21
49,116,In,94,239,Pu,1,0.0000000079568,0.0000000020922,0.0000000083325,0.0000000025038,,,2024-08-21
49,117,In,94,239,Pu,1,0.00031528,0.000018804,0.00037288,0.000079427,,,2024-08-21
49,118,In,94,239,Pu,1,0.00000093094,0.00000025142,0.0000010031,0.00000035934,,,2024-08-21
49,119,In,94,239,Pu,1,0.00031015,0.000026844,0.00033365,0.000065455,,,2024-08-21
49,120,In,94,239,Pu,1,0.0000065457,0.0000025781,0.0000082112,0.0000033113,,,2024-08-21
49,121,In,94,239,Pu,1,0.00012655,0.000025557,0.00010957,0.00002403,,,2024-08-21
49,122,In,94,239,Pu,1,0.00010618,0.000018349,0.000099793,0.000025915,,,2024-08-21
49,123,In,94,239,Pu,1,0.00014226,0.000030837,0.00009852,0.000022478,,,2024-08-21
49,125,In,94,239,Pu,1,0.000063155,0.000019299,0.000064828,0.000020678,,,2024-08-21
49,126,In,94,239,Pu,1,0.00028462,0.000097939,0.00012259,0.000051145,,,2024-08-21
49,129,In,94,239,Pu,1,0.00023354,0.000070275,0.00012106,0.000036262,,,2024-08-21
49,130,In,94,239,Pu,1,0.00016003,0.000061219,0.000088244,0.000036085,,,2024-08-21
49,131,In,94,239,Pu,1,0.000031448,0.000010901,0.000010545,0.0000036446,,,2024-08-21
49,133,In,94,239,Pu,1,0.000000085795,0.000000031264,0.0000000091515,0.0000000033338,,,2024-08-21
50,121,Sn,94,239,Pu,1,0.000052207,0.000010809,0.000052621,0.000011755,,,2024-08-21
50,125,Sn,94,239,Pu,1,0.00049874,0.000078457,0.00055285,0.00010519,,,2024-08-21
50,127,Sn,94,239,Pu,1,0.0014776,0.000152,0.0015005,0.000443,,,2024-08-21
50,129,Sn,94,239,Pu,1,0.005922,0.00064523,0.0054307,0.00078033,,,2024-08-21
50,131,Sn,94,239,Pu,1,0.0042477,0.0010324,0.0031985,0.00083731,,,2024-08-21
51,120,Sb,94,239,Pu,1,0.000000000018415,0.0000000000075325,0.000000000011052,0.0000000000046097,,,2024-08-21
51,124,Sb,94,239,Pu,1,0.000017427,0.0000044889,0.000012576,0.0000040568,,,2024-08-21
51,126,Sb,94,239,Pu,1,0.00030628,0.000087105,0.00011909,0.000041732,,,2024-08-21
51,128,Sb,94,239,Pu,1,0.00080351,0.00024454,0.001047,0.00045514,,,2024-08-21
51,130,Sb,94,239,Pu,1,0.010716,0.0027217,0.011271,0.0031917,,,2024-08-21
51,132,Sb,94,239,Pu,1,0.0083205,0.001546,0.0085768,0.0017422,,,2024-08-21
52,129,Te,94,239,Pu,1,0.0056524,0.00048209,0.0056269,0.00065865,,,2024-08-21
52,131,Te,94,239,Pu,1,0.0090396,0.0014548,0.010723,0.00175,,,2024-08-21
53,130,I,94,239,Pu,1,0.0000049694,0.0000019576,0.0000061974,0.0000026199,,,2024-08-21
54,133,Xe,94,239,Pu,1,0.002156,0.00016248,0.0022288,0.00020625,,,2024-08-21
57,146,La,94,239,Pu,1,0.0080832,0.00092724,0.0081731,0.0010179,,,2024-08-21
59,142,Pr,94,239,Pu,1,0.000000010142,0.0000000036375,0.000000018352,0.0000000067086,,,2024-08-21
59,144,Pr,94,239,Pu,1,0.00052382,0.000061571,0.0004951,0.000060951,,,2024-08-21
63,152,Eu,94,239,Pu,1,0.00000000021993,0.000000000079123,0.0000000004758,0.00000000018968,,,2024-08-21
67,166,Ho,94,239,Pu,1,0.0000000036641,0.0000000015026,0.000000017681,0.0000000072491,,,2024-08-21
67,168,Ho,94,239,Pu,1,0.0000000091474,0.0000000035413,0.000000037135,0.00000001274,,,2024-08-21
67,170,Ho,94,239,Pu,1,0.000000015244,0.0000000025445,0.000000020892,0.0000000040306,,,2024-08-21
70,177,Yb,94,239,Pu,1,0.0000000000058698,0.0000000000010084,0.000000000014615,0.0000000000027002,,,2024-08-21
30,77,Zn,94,239,Pu,2,0.0000013497,0.00000047824,0.0000026482,0.00000099337,,,2024-08-21
31,74,Ga,94,239,Pu,2,0.0000064687,0.00000097334,0.000015228,0.0000023017,,,2024-08-21
32,73,Ge,94,239,Pu,2,0.0000028501,0.00000042756,0.0000074019,0.0000011178,,,2024-08-21
32,75,Ge,94,239,Pu,2,0.0000010303,0.00000023535,0.000001544,0.00000032436,,,2024-08-21
35,80,Br,94,239,Pu,2,0.000000042129,0.000000018589,0.0000000044245,0.0000000018751,,,2024-08-21
36,81,Kr,94,239,Pu,2,0.00000000015484,0.000000000066517,0.0000000000053706,0.000000000002248,,,2024-08-21
36,83,Kr,94,239,Pu,2,0.0028164,0.00009856,0.0032749,0.00029766,,,2024-08-21
37,83,Rb,94,239,Pu,2,0.0000000001825,0.00000000006728,0.000000000012181,0.0000000000045171,,,2024-08-21
37,84,Rb,94,239,Pu,2,0.0000000084039,0.0000000032822,0.0000000010434,0.00000000037001,,,2024-08-21
37,86,Rb,94,239,Pu,2,0.0000047677,0.0000017108,0.0000013677,0.00000049187,,,2024-08-21
38,85,Sr,94,239,Pu,2,0.000000000018764,0.0000000000069632,,,,,2024-08-21
39,93,Y,94,239,Pu,2,0.011002,0.00099522,0.010552,0.0010619,,,2024-08-21
39,98,Y,94,239,Pu,2,0.01866,0.0035056,0.023783,0.0026942,,,2024-08-21
43,99,Tc,94,239,Pu,2,0.05446,0.00072466,0.051274,0.001251,,,2024-08-21
46,107,Pd,94,239,Pu,2,0.00000024827,0.000000094156,0.000000053702,0.000000025664,,,2024-08-21
46,109,Pd,94,239,Pu,2,0.0083748,0.0014653,0.0071553,0.0015245,,,2024-08-21
46,111,Pd,94,239,Pu,2,0.000019284,0.000002959,0.00001659,0.0000016543,,,2024-08-21
46,113,Pd,94,239,Pu,2,0.000077335,0.000023436,0.00014741,0.000050223,,,2024-08-21
47,108,Ag,94,239,Pu,2,0.0000000015448,0.00000000057893,0.00000000020724,0.00000000011867,,,2024-08-21
47,110,Ag,94,239,Pu,2,0.000000015503,0.0000000059085,,,,,2024-08-21
47,120,Ag,94,239,Pu,2,0.00011763,0.000027339,0.00014225,0.000037425,,,2024-08-21
48,117,Cd,94,239,Pu,2,0.00011527,0.000011138,0.00014068,0.000032814,,,2024-08-21
48,119,Cd,94,239,Pu,2,0.00013872,0.000024121,0.0001636,0.000041212,,,2024-08-21
48,121,Cd,94,239,Pu,2,0.00023403,0.000046827,0.00023943,0.000051239,,,2024-08-21
48,123,Cd,94,239,Pu,2,0.00012011,0.000040294,0.000085859,0.00002984,,,2024-08-21
49,120,In,94,239,Pu,2,0.0000065457,0.0000025781,0.0000082112,0.0000033113,,,2024-08-21
49,124,In,94,239,Pu,2,0.00031938,0.00004898,0.00025758,0.000062122,,,2024-08-21
49,130,In,94,239,Pu,2,0.00027229,0.00010391,0.00012292,0.000050231,,,2024-08-21
50,117,Sn,94,239,Pu,2,0.00000099068,0.00000008344,0.0000011862,0.0000002684,,,2024-08-21
50,119,Sn,94,239,Pu,2,0.00017561,0.000021968,0.0002021,0.000043979,,,2024-08-21
50,130,Sn,94,239,Pu,2,0.0082377,0.0022437,0.0076012,0.0023442,,,2024-08-21
51,124,Sb,94,239,Pu,2,0.000010019,0.0000035938,0.000007741,0.0000031939,,,2024-08-21
51,126,Sb,94,239,Pu,2,0.00017357,0.000064489,0.000065916,0.000029308,,,2024-08-21
51,134,Sb,94,239,Pu,2,0.0019452,0.00066395,0.0011944,0.00041636,,,2024-08-21
52,121,Te,94,239,Pu,2,0.0000000000016506,0.00000000000068919,,,,,2024-08-21
52,123,Te,94,239,Pu,2,0.0000000033347,0.0000000013991,0.0000000011275,0.00000000047703,,,2024-08-21
52,125,Te,94,239,Pu,2,0.00026319,0.000040715,0.00030896,0.000057787,,,2024-08-21
52,127,Te,94,239,Pu,2,0.00077028,0.000074495,0.00086917,0.00025447,,,2024-08-21
52,133,Te,94,239,Pu,2,0.035098,0.0020078,0.034685,0.0027382,,,2024-08-21
53,136,I,94,239,Pu,2,0.023549,0.0028503,0.025489,0.0040141,,,2024-08-21
54,129,Xe,94,239,Pu,2,0.000000000090537,0.000000000032429,0.000000000055409,0.000000000019757,,,2024-08-21
54,131,Xe,94,239,Pu,2,0.00040483,0.00003957,0.0004442,0.000044311,,,2024-08-21
54,135,Xe,94,239,Pu,2,0.017828,0.002129,0.019698,0.0024861,,,2024-08-21
55,136,Cs,94,239,Pu,2,0.00034454,0.00012132,0.00066988,0.00024577,,,2024-08-21
56,133,Ba,94,239,Pu,2,0.0000000000114,0.000000000004154,0.0000000000079403,0.0000000000028927,,,2024-08-21
56,135,Ba,94,239,Pu,2,0.000000099036,0.000000035359,0.0000001193,0.000000043926,,,2024-08-21
56,137,Ba,94,239,Pu,2,0.062229,0.00091149,0.060017,0.0012369,,,2024-08-21
58,139,Ce,94,239,Pu,2,0.0000000029689,0.0000000010811,0.0000000035977,0.0000000013048,,,2024-08-21
65,156,Tb,94,239,Pu,2,0.0000000000032398,0.0000000000011889,0.000000000010665,0.0000000000040019,,,2024-08-21
66,165,Dy,94,239,Pu,2,0.000000026919,0.00000001056,0.000000068285,0.000000026096,,,2024-08-21
29,68,Cu,94,239,Pu,3,0.0000000017758,0.00000000069534,0.0000000027943,0.0000000011253,,,2024-08-21
29,70,Cu,94,239,Pu,3,0.00000012898,0.000000022194,0.00000045799,0.000000073469,,,2024-08-21
45,104,Rh,94,239,Pu,3,0.000000068165,0.000000025857,0.000000012493,0.0000000049194,,,2024-08-21
49,118,In,94,239,Pu,3,0.00000046121,0.00000017312,0.0000005423,0.00000025049,,,2024-08-21
53,132,I,94,239,Pu,3,0.00075712,0.00026127,0.0012193,0.00042357,,,2024-08-21
55,134,Cs,94,239,Pu,3,0.0000028608,0.0000010384,0.000005414,0.0000019662,,,2024-08-21
55,138,Cs,94,239,Pu,3,0.0060608,0.001848,0.0087437,0.0023779,,,2024-08-21
65,158,Tb,94,239,Pu,3,0.00000000024515,0.00000000010471,0.00000000088545,0.00000000041022,,,2024-08-21
67,162,Ho,94,239,Pu,3,0.0000000000014811,0.00000000000062233,0.0000000000073526,0.000000000003145,,,2024-08-21
67,163,Ho,94,239,Pu,3,0.0000000000043033,0.0000000000018218,0.000000000020337,0.0000000000085735,,,2024-08-21
67,164,Ho,94,239,Pu,3,0.00000000017688,0.00000000007481,0.0000000010005,0.00000000041819,,,2024-08-21
68,167,Er,94,239,Pu,3,0.00000004927,0.000000010476,0.000000086381,0.000000018093,,,2024-08-21
33,75,As,94,239,Pu,4,0.0000000014993,0.00000000052033,0.00000000078123,0.00000000018613,,,2024-08-21
39,100,Y,94,239,Pu,4,0.0020429,0.00079359,0.0026793,0.00086064,,,2024-08-21
41,100,Nb,94,239,Pu,4,0.01467,0.0041325,0.013202,0.0032919,,,2024-08-21
41,104,Nb,94,239,Pu,4,0.006109,0.0017166,0.0088135,0.0023656,,,2024-08-21
47,118,Ag,94,239,Pu,4,0.00024333,0.000024307,0.0002869,0.000064447,,,2024-08-21
49,116,In,94,239,Pu,4,0.0000000039148,0.0000000014418,0.0000000044708,0.0000000018101,,,2024-08-21
49,131,In,94,239,Pu,4,0.000031447,0.000010901,0.000010545,0.0000036446,,,2024-08-21
55,144,Cs,94,239,Pu,4,0.00056906,0.00019908,0.00021916,0.000077389,,,2024-08-21
61,152,Pm,94,239,Pu,4,0.00016555,0.000051496,0.00023779,0.000092098,,,2024-08-21
65,156,Tb,94,239,Pu,4,,,0.0000000000016669,0.00000000000062551,,,2024-08-21
37,98,Rb,94,239,Pu,5,0.0000035078,0.000001361,0.0000037866,0.0000013665,,,2024-08-21
39,96,Y,94,239,Pu,5,0.014729,0.0020213,0.015224,0.0021773,,,2024-08-21
44,103,Ru,94,239,Pu,5,0.0000085008,0.0000030392,0.0000023174,0.00000084055,,,2024-08-21
45,102,Rh,94,239,Pu,5,0.000000000018146,0.0000000000068406,0.0000000000010524,0.0000000000004174,,,2024-08-21
45,114,Rh,94,239,Pu,5,0.00014464,0.000021161,0.00024594,0.000052543,,,2024-08-21
49,114,In,94,239,Pu,5,0.0000000000026426,0.00000000000096861,0.0000000000026192,0.0000000000010663,,,2024-08-21
49,122,In,94,239,Pu,5,0.00010618,0.000018349,0.000099793,0.000025915,,,2024-08-21
51,122,Sb,94,239,Pu,5,0.00000012727,0.000000046545,0.000000087757,0.000000036696,,,2024-08-21
53,134,I,94,239,Pu,5,0.0095374,0.0020523,0.015367,0.002472,,,2024-08-21
56,136,Ba,94,239,Pu,5,0.0000027988,0.00000099238,0.0000041572,0.0000015333,,,2024-08-21
58,138,Ce,94,239,Pu,5,0.000000000048785,0.000000000018438,0.000000000049899,0.000000000019036,,,2024-08-21
70,176,Yb,94,239,Pu,5,0.000000000017131,0.0000000000028833,0.000000000048272,0.0000000000080998,,,2024-08-21
62,153,Sm,94,239,Pu,6,0.000021006,0.0000076473,0.000042099,0.000028572,,,2024-08-21
64,155,Gd,94,239,Pu,6,0.000000002855,0.0000000011921,0.0000000068139,0.0000000037218,,,2024-08-21
71,179,Lu,94,239,Pu,6,,,0.0000000000014018,0.00000000000025019,,,2024-08-21
54,134,Xe,94,239,Pu,7,0.0018101,0.00055709,0.0028456,0.00086142,,,2024-08-21
70,175,Yb,94,239,Pu,7,0.000000000079975,0.00000000001253,0.0000000001938,0.000000000030616,,,2024-08-21
49,127,In,94,239,Pu,9,0.00018326,0.00004916,0.000108,0.000044481,,,2024-08-21
57,136,La,94,239,Pu,9,0.00000000020562,0.000000000072913,0.00000000024954,0.000000000092032,,,2024-08-21
55,135,Cs,94,239,Pu,10,0.000052211,0.000018627,0.000097742,0.000035982,,,2024-08-21
51,129,Sb,94,239,Pu,11,0.0046073,0.00051632,0.0047666,0.0006588,,,2024-08-21
63,154,Eu,94,239,Pu,13,0.00000023214,0.000000083026,0.00000066131,0.00000028993,,,2024-08-21
61,152,Pm,94,239,Pu,14,0.00018312,0.000056792,0.00031061,0.00011888,,,2024-08-21
53,133,I,94,239,Pu,16,0.003889,0.0011843,0.0064599,0.001779,,,2024-08-21
63,152,Eu,94,239,Pu,16,0.0000000010299,0.00000000037052,0.000000002758,0.0000000010995,,,2024-08-21
50,123,Sn,94,239,Pu,25,0.00073065,0.00012176,0.00056394,0.00010296,,,2024-08-21
39,97,Y,94,239,Pu,29,0.0051987,0.00070929,0.0068839,0.00074406,,,2024-08-21
54,132,Xe,94,239,Pu,30,0.0000077564,0.0000027689,0.0000097582,0.0000035463,,,2024-08-21